"1506163771588366341","https://twitter.com/datGestruepp/status/1506163771588366341","22.03.2022","Oha! Was ist denn das? Möglicherweise startet heute die 2. Staffel #Kritzelkaffee ! Nach über einem Jahr Pause. Ich freu mich und hab richtig Lust!","https://pbs.twimg.com/media/FM2fJ_3X0AUA7MU.jpg","Strüppi & Pupsbiene"
"1506526158510247937","https://twitter.com/datGestruepp/status/1506526158510247937","23.03.2022","So tolle Haare!!1elf ","http://pbs.twimg.com/media/FNUGjUnXwAA0RdQ.jpg","Liza Grimm (Autorin, Schriftstellerin)"
"1506888545662767104","https://twitter.com/datGestruepp/status/1506888545662767104","24.03.2022","Ach, hallo Bussi Bär. Dich hab ich ja schon ewig nicht mehr gesehen. ","http://pbs.twimg.com/media/FNUGrPkWQAAU5fW.jpg","Bussi Bär (Zeitschrift)"
"1507250939664683040","https://twitter.com/datGestruepp/status/1507250939664683040","25.03.2022","Oh! Guten Morgen der Herr! ","http://pbs.twimg.com/media/FNUG0tBXEAAIrPR.jpg","Abraham Lincoln (Historische Person)"
"1507613323503697922","https://twitter.com/datGestruepp/status/1507613323503697922","26.03.2022","Guten Morgen Cleo. ","http://pbs.twimg.com/media/FNUG_KhXEAABwsX.jpg","Cleo (Cleo - a pirates tale, Game)"
"1507960613925912583","https://twitter.com/datGestruepp/status/1507960613925912583","27.03.2022","Awwwww. Du bist ja niedlich! ","http://pbs.twimg.com/media/FNUHGenXwAQofr8.jpg","Rott (Kena - Bridge of Spirits, Game)"
"1508323002697469957","https://twitter.com/datGestruepp/status/1508323002697469957","28.03.2022","Tut mir voll leid die Geschichte mit deinem Schneidebrett. ","http://pbs.twimg.com/media/FNUHQIbXMAEsQjR.jpg","Hackebeil Herbert (Cleo - a pirates tale, game)"
"1508685389753688064","https://twitter.com/datGestruepp/status/1508685389753688064","29.03.2022","Morgäähn der Herr. ","http://pbs.twimg.com/media/FNUHYTxXMAIL0kH.jpg","Jolly Jumper (Lucky Luke, Comic, Serie)"
"1509047777300561920","https://twitter.com/datGestruepp/status/1509047777300561920","30.03.2022","Oh, also ich kann die nen suuuper Bart machen. Ich hatte selber auch schon einen. Brennt nur etwas bei fest kleben.","https://pbs.twimg.com/media/FNUHhHvXsAIjMym.jpg","Sumpfmonster (Cleo - a pirates tale, Game)"
"1509410165233266690","https://twitter.com/datGestruepp/status/1509410165233266690","31.03.2022","Freund? ","http://pbs.twimg.com/media/FNUHnxSXEAEmUdf.jpg","Mizzurani (The Long Journey Home, Game)"
"1509772552322760704","https://twitter.com/datGestruepp/status/1509772552322760704","01.04.2022","Wie wär's mit einem Coffee-to-know? ","http://pbs.twimg.com/media/FNUHugMWQAwGdgF.jpg","Avery Allwick (Cleo - a pirates tale, Game)"
"1510134937411891202","https://twitter.com/datGestruepp/status/1510134937411891202","02.04.2022","Och. ","http://pbs.twimg.com/media/FNUH4AiXEAEzciD.jpg","Sentry Turret (Portal, Game)"
"1510497324706918406","https://twitter.com/datGestruepp/status/1510497324706918406","03.04.2022","Ach und sie kämpfen dann gegen so Mystische Monster oder wie?","http://pbs.twimg.com/media/FNaFhWfXEAQDhuq.jpg","Zagreus (Hades, Game)"
"1510859712899780610","https://twitter.com/datGestruepp/status/1510859712899780610","04.04.2022","Guten Morgen! Haben Sie ein kluge Weisheit für mich? ","http://pbs.twimg.com/media/FNaGo45XMAUMzoM.jpg","Schneidebrett Pitt, Sushi Madness Inhaber  (Cleo - a pirates tale, Game)"
"1511222100656230405","https://twitter.com/datGestruepp/status/1511222100656230405","05.04.2022","Bitte nicht singen!!11 ","http://pbs.twimg.com/media/FNaGas7XsAA3_3r.jpg","Troubadix - Asterix & Obelix (Comic, Film)"
"1511584489289367554","https://twitter.com/datGestruepp/status/1511584489289367554","06.04.2022","Wie kann man den Kaffee hassen?","http://pbs.twimg.com/media/FNaGSEBWUAEkY_z.jpg","Grumpy Schlumpf (die Schlümpfe, Serie)"
"1511946878664945669","https://twitter.com/datGestruepp/status/1511946878664945669","07.04.2022","Hallo Nemo!","http://pbs.twimg.com/media/FNzLE1dXoAIuMrO.jpg","Nemo (Pixar, Film, Disney)"
"1512309265708425218","https://twitter.com/datGestruepp/status/1512309265708425218","08.04.2022","Äm... was ist ausgezeichnet? ","http://pbs.twimg.com/media/FNzLP7sWQAIK0q_.jpg","Charles Montgomery Burns (The Simpsons, Serie)"
"1512671654987669504","https://twitter.com/datGestruepp/status/1512671654987669504","09.04.2022","Packetdienstleister... aha. ","http://pbs.twimg.com/media/FNzLTtUXIAQA07i.jpg","Garnelius Maximus (Shrimperium) (Cleo - a pirates tale, Game)"
"1513034045210378240","https://twitter.com/datGestruepp/status/1513034045210378240","10.04.2022","Ähm... ","http://pbs.twimg.com/media/FNzLapdXoAYf7fg.jpg","Ood (Doctor Who, Serie) "
"1513396428072099842","https://twitter.com/datGestruepp/status/1513396428072099842","11.04.2022","Und du bist jetzt so ein 'Starter'?","http://pbs.twimg.com/media/FN0cuRnXsAIq99h.jpg","Kwaks (Pokemon, Game)"
"1513758818433437700","https://twitter.com/datGestruepp/status/1513758818433437700","12.04.2022","Guten Morgen! Sie haben aber hübsche Farben.","http://pbs.twimg.com/media/FOrgcS5XMAArpx5.jpg","Subbeq (The Long Journey Home, Game)"
"1514121207456620545","https://twitter.com/datGestruepp/status/1514121207456620545","13.04.2022","Auch noch müde?","http://pbs.twimg.com/media/FN0dhF1XEAARxxQ.jpg","Duflor (Pokemon)"
"1514483594546364416","https://twitter.com/datGestruepp/status/1514483594546364416","14.04.2022","Guten Morgen Captain!","http://pbs.twimg.com/media/FPvwK45UYAU7s8L.jpg","Captain Cabeca (cleo - a pirates, tale, game)"
"1514845978066530306","https://twitter.com/datGestruepp/status/1514845978066530306","15.04.2022","Guten Morgen!","http://pbs.twimg.com/media/FN_eTq7XoAQSloA.jpg","Blitza (Pokemon)"
"1515208369165914112","https://twitter.com/datGestruepp/status/1515208369165914112","16.04.2022","Ach.. Sie... äh... ja ... Tag auch. ","http://pbs.twimg.com/media/FOCTilPWYAUfcru.jpg","Jichomilele (cleo - a pirates, tale, game)"
"1515570761188069378","https://twitter.com/datGestruepp/status/1515570761188069378","17.04.2022","Na du! Schon so wach! ","http://pbs.twimg.com/media/FOCTt0lWQAAaa2i.jpg","Rotomurf (Pokemon, Serie, Game)"
"1515933142623965186","https://twitter.com/datGestruepp/status/1515933142623965186","18.04.2022","Bitte keine Tränke werfen!","http://pbs.twimg.com/media/FOEe6Z2WYAMei6o.jpg","Hexe (Minecraft, Game)"
"1516295532947324928","https://twitter.com/datGestruepp/status/1516295532947324928","19.04.2022","Guten morgen Prinzessin.","http://pbs.twimg.com/media/FOEfNSeXoAIKUF6.jpg","Prinzessin Peach (Super Mario Reihe)"
"1516657918162001921","https://twitter.com/datGestruepp/status/1516657918162001921","20.04.2022","Morgähn!","http://pbs.twimg.com/media/FOEfcAFXMAEo2L-.jpg","Duodino (Pokemon, Game)"
"1517020305449000961","https://twitter.com/datGestruepp/status/1517020305449000961","21.04.2022","Oh, für dich aber wohl lieber Kakao oder?","http://pbs.twimg.com/media/FOOdTL8XEAIHeSq.jpg","Der kleine König (Serie)"
"1517382696636325889","https://twitter.com/datGestruepp/status/1517382696636325889","22.04.2022","Guten Morgen!","http://pbs.twimg.com/media/FOOdqCrXoAYN8lp.jpg","Snorkmaiden (Mumins, Serie)"
"1517745086746013696","https://twitter.com/datGestruepp/status/1517745086746013696","23.04.2022","Gute Laune!","http://pbs.twimg.com/media/FOOd9tRXwAEetzH.jpg","Glumanda (Pokemon, Game)"
"1518107470312448000","https://twitter.com/datGestruepp/status/1518107470312448000","24.04.2022","Oh wie schön dich zu sehen!","http://pbs.twimg.com/media/FOOeWlxWQAAzO46.jpg","Sophie (Das wandelnde Schloss, Anime, Studio Ghibli)"
"1518469856441470977","https://twitter.com/datGestruepp/status/1518469856441470977","25.04.2022","Du bist aber flauschig.","http://pbs.twimg.com/media/FOOenbJX0Ak-DFs.jpg","Wolly (Pokemon)"
"1518832248274886656","https://twitter.com/datGestruepp/status/1518832248274886656","26.04.2022","Guten Morgen.","http://pbs.twimg.com/media/FOY54XGXMAIiPpJ.jpg","Zzhongli (Genshin Impact, Game)"
"1519194636287414272","https://twitter.com/datGestruepp/status/1519194636287414272","27.04.2022","Oh wie schön!","http://pbs.twimg.com/media/FOY6FuGWYAgVn24.jpg","Snufkin (Mumins, Serie)"
"1519557023020437504","https://twitter.com/datGestruepp/status/1519557023020437504","28.04.2022","Minzbonbon?","http://pbs.twimg.com/media/FOmXPJ-WQAEOlNr.jpg","Dumbledore (Harry Potter)"
"1519919407887122432","https://twitter.com/datGestruepp/status/1519919407887122432","29.04.2022","Guten Morgen!","http://pbs.twimg.com/media/FOmXfWZWUAAPrqO.jpg","Feelinara (Pokemon)"
"1520281801322680320","https://twitter.com/datGestruepp/status/1520281801322680320","30.04.2022","Kreuzspinne und Kreuzschnabel!","http://pbs.twimg.com/media/FOrguA6XwBYpeQU.jpg","Herr Fuchs (Sandmännchen)"
"1520644190434205697","https://twitter.com/datGestruepp/status/1520644190434205697","01.05.2022","Schön das du da bist.","http://pbs.twimg.com/media/FOrhI02XwA8EA3F.jpg","Palimpalim (Pokemon)"
"1521006571551084544","https://twitter.com/datGestruepp/status/1521006571551084544","02.05.2022","*Zombiegeräusch*","http://pbs.twimg.com/media/FPvwVPkUcAsVDLb.jpg","Zombie (Minecraft, Game)"
"1521368961828405249","https://twitter.com/datGestruepp/status/1521368961828405249","03.05.2022","SCHOKOLAAADÄÄÄ!!!","http://pbs.twimg.com/media/FPvwhuuUYAcME9E.jpg","Schokoladäää Typ (Spongebob, Serie)"
"1521731347378806785","https://twitter.com/datGestruepp/status/1521731347378806785","04.05.2022","Doch lieber ne Schnabeltasse?","http://pbs.twimg.com/media/FPz6I5rXIAEGrRH.jpg","Abe Simpson (The Simpsons, Serie)"
"1522093745658757122","https://twitter.com/datGestruepp/status/1522093745658757122","05.05.2022","Boah Bruce ey! Du neeheerfst!","http://pbs.twimg.com/media/FP6rer-XIAYkccZ.jpg","Bruce (Raft, benannt nach Bruce aus Finding Nemo)"
"1522441023267430402","https://twitter.com/datGestruepp/status/1522441023267430402","06.05.2022","Ach, du machst doch was mit Märchen oder?","http://pbs.twimg.com/media/FP6r6fKXIAMXGvG.jpg","Doc Croc ""Crocy"" (Simsalagrimm, Kinderserie) "
"1522818513655762944","https://twitter.com/datGestruepp/status/1522818513655762944","07.05.2022","Ach wie niedlich.","http://pbs.twimg.com/media/FP6sSBYWQAcIjxi.jpg","Mimigma (Pokemon)"
"1523180904859930631","https://twitter.com/datGestruepp/status/1523180904859930631","08.05.2022","Ach guck an. Dein Kollege war schon da.","http://pbs.twimg.com/media/FP6sk6GXMAA_Fsv.jpg","Yoyo (Simsalagrimm, Kinderserie) "
"1523543289709809664","https://twitter.com/datGestruepp/status/1523543289709809664","09.05.2022","Ja, ich würde auch lieber weiter Schlafen.","http://pbs.twimg.com/media/FQE0bttXEAYXVBD.jpg","Willi von Biene Maia (Serie)"
"1523905679441817601","https://twitter.com/datGestruepp/status/1523905679441817601","10.05.2022","Hallo Finn! ich bin so gespannt wie dein Abenteuer weiter geht! Und ich will die Band sehen!","http://pbs.twimg.com/media/FQE0sHJWQAAEE-m.jpg","Finn (Beyond The Edge of Owlsgard, Game)"
"1524268062316253184","https://twitter.com/datGestruepp/status/1524268062316253184","11.05.2022","Also... soll ich jetzt durch dieses Tor gehen?","http://pbs.twimg.com/media/FQE1Ac6X0AMK9lc.jpg","Owl (Ring of Pain, Game)"
"1524630451712757761","https://twitter.com/datGestruepp/status/1524630451712757761","12.05.2022","Guten Morgen!","http://pbs.twimg.com/media/FQPbl2pXwAEVSog.jpg","Prof. Honigtau-Bunsenbrenner (Muppets, Serie)"
"1524992844338962433","https://twitter.com/datGestruepp/status/1524992844338962433","13.05.2022","Oh, Hallo Ferdi!","http://pbs.twimg.com/media/FQPbzGsXEAIycoW.jpg","Ferdinand (die großen Abenteuer des kleinen Ferdinand, Buch)"
"1525355227267973120","https://twitter.com/datGestruepp/status/1525355227267973120","14.05.2022","Woaah! Woher kommen die ganzen grünen Dinger plötzlich?","http://pbs.twimg.com/media/FQPcB04XIAoDM1v.jpg","Neo / Thomas A. Anderson (The Matrix, Film)"
"1525717613963317248","https://twitter.com/datGestruepp/status/1525717613963317248","15.05.2022","Ach, Sie sind doch auch von den Muppets, richtig?","http://pbs.twimg.com/media/FQPcbyJWYAM-3Y1.jpg","Pepe The King Prawn (Muppets)"
"1526080001568919553","https://twitter.com/datGestruepp/status/1526080001568919553","16.05.2022","Nein?","http://pbs.twimg.com/media/FQPcsDiWUAI2HcH.jpg","Neinhorn (Buch)"
"1526442390327685120","https://twitter.com/datGestruepp/status/1526442390327685120","17.05.2022","Ich geb' dir gleich winke winke!!","http://pbs.twimg.com/media/FQpDtsSX0AI0wTF.jpg","Tinky Winky (Teletubbies)"
"1526804782882643969","https://twitter.com/datGestruepp/status/1526804782882643969","18.05.2022","Oh allwissende Müllhalde, wie geht es Ihnen?","http://pbs.twimg.com/media/FQpD_onXEAgYlXR.jpg","Die allwissende Müllhalde (Fraggles, Serie)"
"1527167166117707776","https://twitter.com/datGestruepp/status/1527167166117707776","19.05.2022","Na? Schon alle gefangen?","http://pbs.twimg.com/media/FQpEY2JWQAUdi-K.jpg","Ash (Pokemon, Serie, Game)"
"1527529554733977600","https://twitter.com/datGestruepp/status/1527529554733977600","20.05.2022","Oh! Wer bist denn du?","http://pbs.twimg.com/media/FQ2hUwrXoAABbRY.jpg","The Knight (Hollow Knight, Game)"
"1527891948454936577","https://twitter.com/datGestruepp/status/1527891948454936577","21.05.2022","Guten Morgen Mrs. Puff!","http://pbs.twimg.com/media/FQ2hnaEXEAA96cQ.jpg","Mrs. Puff (Spongebob, Serie)"
"1528254331031625732","https://twitter.com/datGestruepp/status/1528254331031625732","22.05.2022","Ja finde ich auch! Sonntage sind immer viel zu kurz!","http://pbs.twimg.com/media/FQ2h4bhXEAExZm7.jpg","Amonitas (Pokemon)"
"1528616720579035137","https://twitter.com/datGestruepp/status/1528616720579035137","23.05.2022","Ui. Das sieht aber gefährlich aus.","http://pbs.twimg.com/media/FQ2iIDtXoAEtlHY.jpg","Hornet (Hollow Knight, Game)"
"1528979107303903232","https://twitter.com/datGestruepp/status/1528979107303903232","24.05.2022","Och. Noch so klein.","http://pbs.twimg.com/media/FQ9NSzbWYAEoxuS.jpg","Knofensa (Pokemon)"
"1529341494376615937","https://twitter.com/datGestruepp/status/1529341494376615937","25.05.2022","Ach hallo. Warum so schlecht gelaunt?","http://pbs.twimg.com/media/FRMm3DGXMAIfiV4.jpg","Eric Cartman (South Park)"
"1529703887208259584","https://twitter.com/datGestruepp/status/1529703887208259584","26.05.2022","Ich weiß nicht wo die große Miezekatze ist.","http://pbs.twimg.com/media/FRMnS1OXEAEOTog.jpg","Buh (Monster AG)"
"1530066270019719168","https://twitter.com/datGestruepp/status/1530066270019719168","27.05.2022","Moin.","http://pbs.twimg.com/media/FRMnjyFX0AEoMNg.jpg","Stan Marsh (South Park)"
"1530428659009347585","https://twitter.com/datGestruepp/status/1530428659009347585","28.05.2022","Och, wer bist du denn?","http://pbs.twimg.com/media/FRWnvJHX0AAbmCX.jpg","Der Zaubertroll (Film)"
"1530791048426962945","https://twitter.com/datGestruepp/status/1530791048426962945","29.05.2022","Es ist wirklich kein Filterkaffee! Versprochen!!11","http://pbs.twimg.com/media/FRWn-t_X0AEEtIz.jpg","Coffee Man (Charakter von Flix)"
"1531153431506739200","https://twitter.com/datGestruepp/status/1531153431506739200","30.05.2022","Aja.","http://pbs.twimg.com/media/FRWoTs-XoAAJ_XB.jpg","Bill (Gravity Falls)"
"1531515821519872000","https://twitter.com/datGestruepp/status/1531515821519872000","31.05.2022","Schicke Haare.","http://pbs.twimg.com/media/FRWoftmXIAEYE6H.jpg","Aqua, Kingdom Hearts (Anime)"
"1531878211415515136","https://twitter.com/datGestruepp/status/1531878211415515136","01.06.2022","Könnten sie Bitte die Zigarette ausmachen?","http://pbs.twimg.com/media/FRWosguXIAAwQP5.jpg","Spike Spiegel (Cowboy Bebop, Anime)"
"1532240608529731584","https://twitter.com/datGestruepp/status/1532240608529731584","02.06.2022","Och, ein Wurzmännchen. Wie niedlich!","http://pbs.twimg.com/media/FRXYXAxXwAEACQZ.jpg","Wurzelmännchen (Warter Moers, zamonien, Buch)"
"1532602985808687104","https://twitter.com/datGestruepp/status/1532602985808687104","03.06.2022","Dir auch einen guten Morgen.","http://pbs.twimg.com/media/FRXYsZ9XoAAdjxM.jpg","Chewbacca, Wookiee (Star Wars, Film)"
"1532965370843254785","https://twitter.com/datGestruepp/status/1532965370843254785","04.06.2022","Oha! Eine Sailorkriegerin war schon lange nicht mehr zu Besuch.","http://pbs.twimg.com/media/FRXZI-5XoAAZuJi.jpg","Sailor Saturn (Sailor Moon, Anime, Manga)"
"1533327761376284672","https://twitter.com/datGestruepp/status/1533327761376284672","05.06.2022","Oh guten Morgen! Du bist doch Schriftstellerin richtig?","http://pbs.twimg.com/media/FRhc87DXIAEkLjA.jpg","Jane Austen (Schriftstellerin)"
"1533690149686550529","https://twitter.com/datGestruepp/status/1533690149686550529","06.06.2022","Was summst du denn da? Das klingt ja hübsch.","http://pbs.twimg.com/media/FR0toLkXsAImC7-.jpg","Myla (Hollow Knight, Game)"
"1534052546452631553","https://twitter.com/datGestruepp/status/1534052546452631553","07.06.2022","Guten Morgen!","http://pbs.twimg.com/media/FR0t4I9X0AAdtQ7.jpg","Lyndis (Fire Emblem)"
"1534414929058332672","https://twitter.com/datGestruepp/status/1534414929058332672","08.06.2022","Och. Du bist ja niedlich.","http://pbs.twimg.com/media/FR0uEdZWQAEksSS.jpg","Kotaro (Anime)"
"1534777310317989888","https://twitter.com/datGestruepp/status/1534777310317989888","09.06.2022","Aja. Und damit verprügeln sie Zombies oder wie?","http://pbs.twimg.com/media/FR0uRKFWYAEpqsO.jpg","Negan Smith und Lucille (The Walking Dead, Comic/Serie)"
"1535139698129051650","https://twitter.com/datGestruepp/status/1535139698129051650","10.06.2022","Ach schau an.","http://pbs.twimg.com/media/FR0ugpaX0AEy-xu.jpg","Wendy aus Gravity Falls"
"1535502087781462017","https://twitter.com/datGestruepp/status/1535502087781462017","11.06.2022","Wie heißt du noch mal... Nami?","http://pbs.twimg.com/media/FR0uzQOXoAEeVf9.jpg","Nami (One Peace, Anime)"
"1535864473902276608","https://twitter.com/datGestruepp/status/1535864473902276608","12.06.2022","Ach, und wer bist du?","http://pbs.twimg.com/media/FR_4ryGVkAQxNFL.jpg","King (Owl House, Serie)"
"1536226862451478528","https://twitter.com/datGestruepp/status/1536226862451478528","13.06.2022","Was für ein Larry?","http://pbs.twimg.com/media/FR_478XVkAUMkcy.jpg","Leisure Suit Larry (Game)"
"1536589254251319296","https://twitter.com/datGestruepp/status/1536589254251319296","14.06.2022","Und warum ist die jetzt so besonders?","http://pbs.twimg.com/media/FR_5JhVVcAIq0Xy.jpg","Bootstoilette, der Rolly Royce unter den Bottstoiletten"
"1536951637402521600","https://twitter.com/datGestruepp/status/1536951637402521600","15.06.2022","Guten Morgen.","http://pbs.twimg.com/media/FR_5cflVsAALDcz.jpg","Samus Aran aus Metroid"
"1537314028472610816","https://twitter.com/datGestruepp/status/1537314028472610816","16.06.2022","Dich hab ich ja schon lange nicht mehr gesehen.","http://pbs.twimg.com/media/FR_6CRbUcAIim_R.jpg","Krachbumm-Ente aus Darkwing Duck"
"1537676414501142529","https://twitter.com/datGestruepp/status/1537676414501142529","17.06.2022","Oh, Guten Morgen.","http://pbs.twimg.com/media/FSaAOFfWYAUwNYl.jpg","Seer (Hollow Knight, Game)"
"1538038801926213632","https://twitter.com/datGestruepp/status/1538038801926213632","18.06.2022","Also eine schwarze Witwe hab ich mir irgendwie anders vorgestellt.","http://pbs.twimg.com/media/FSaAkhGX0AIW9tN.jpg","Black Widdow"
"1538401193948459010","https://twitter.com/datGestruepp/status/1538401193948459010","19.06.2022","Hübsches Kostüm.","http://pbs.twimg.com/media/FSaA1KbX0AAPmPK.jpg","Lady Bug "
"1538763578907533312","https://twitter.com/datGestruepp/status/1538763578907533312","20.06.2022","Guten Morgen.","http://pbs.twimg.com/media/FSfqP4-WQAIKm3Q.jpg","Safcon (Pokemon)"
"1539125971365810177","https://twitter.com/datGestruepp/status/1539125971365810177","21.06.2022","Vom Mars also. Schau an.","http://pbs.twimg.com/media/FSfrCzLXIAEU0Tu.jpg","die Maus vom Mars (Trickfilm)"
"1539488360934191104","https://twitter.com/datGestruepp/status/1539488360934191104","22.06.2022","Und wer bist du?","http://pbs.twimg.com/media/FSfrdGVXEAIy8b9.jpg","Ed (Tonic Trouble, Game)"
"1539850741715800064","https://twitter.com/datGestruepp/status/1539850741715800064","23.06.2022","Och. Du bist ja niedlich.","http://pbs.twimg.com/media/FS8Q_LkWUAAUIgl.jpg","Das kleine Ich-bin-ich (Buch)"
"1540213134723387392","https://twitter.com/datGestruepp/status/1540213134723387392","24.06.2022","Ach, Hallo!","http://pbs.twimg.com/media/FSfsGJTWQAEarC0.jpg","Kokuna (Pokemon)"
"1540575519091183617","https://twitter.com/datGestruepp/status/1540575519091183617","25.06.2022","Na ihr? Euch hab ich ja noch nie gesehen.","http://pbs.twimg.com/media/FSfsQAjX0AACprG.jpg","die Geggis (Buch)"
"1540937904024784896","https://twitter.com/datGestruepp/status/1540937904024784896","26.06.2022","Ui. Ein König also. Spannend.","http://pbs.twimg.com/media/FSfsoucWUAAykoa.jpg","der Koboldkönig"
"1541300299956117504","https://twitter.com/datGestruepp/status/1541300299956117504","27.06.2022","Awww. Und wer seid ihr?","http://pbs.twimg.com/media/FSfs2pVXEAI460V.jpg","Bimbulli (Buch)"
"1541662680867426304","https://twitter.com/datGestruepp/status/1541662680867426304","28.06.2022","Guten Morgen die Herren.","http://pbs.twimg.com/media/FSftHvQXIAUKdtT.jpg","Hurvinek und Spejbl (Tschechiche Marionetten)"
"1542025072025579520","https://twitter.com/datGestruepp/status/1542025072025579520","29.06.2022","Huch! Was bist du denn?","http://pbs.twimg.com/media/FS8O-gMX0AAZM_c.jpg","Unratütox (Pokemon)"
"1542387460629581824","https://twitter.com/datGestruepp/status/1542387460629581824","30.06.2022","Hübsche Kappe.","http://pbs.twimg.com/media/FS8PhMyWIAAMPKU.jpg","Detektiv Pinky (Buch)"
"1542749852307709954","https://twitter.com/datGestruepp/status/1542749852307709954","01.07.2022","Pfihihihi... Polka-Dot-Man? Im Ernst?","http://pbs.twimg.com/media/FThlXUFWAAAa9dp.jpg","Poka-dot-Man (Marvel Held)"
"1543112232891871234","https://twitter.com/datGestruepp/status/1543112232891871234","02.07.2022","Und wenn du dich an einem Luftballon reibst, wie geladen bist du dann?","http://pbs.twimg.com/media/FThlsmTWYAAOuHO.jpg","Magnetilo (Pokemon)"
"1543474620736708609","https://twitter.com/datGestruepp/status/1543474620736708609","03.07.2022","Ach schau an.","http://pbs.twimg.com/media/FThmAjNXoAEcMJQ.jpg","Herr von Bödefeld"
"1543837012263723008","https://twitter.com/datGestruepp/status/1543837012263723008","04.07.2022","Oke, und was bist du?","http://pbs.twimg.com/media/FThmM1_XsAEWg1y.jpg","Critter (Film)"
"1544199398103650306","https://twitter.com/datGestruepp/status/1544199398103650306","05.07.2022","Spiderschwein, Spiderschwein...  Aaah sorry, das gehört in eine andere Serie. ","http://pbs.twimg.com/media/FThmpA-X0AAeSOt.jpg","SpiderHam"
"1544561786829021184","https://twitter.com/datGestruepp/status/1544561786829021184","06.07.2022","Moin!","http://pbs.twimg.com/media/FThnGstXoAAMe0r.jpg","Soos Ramirez (Gravity Falls, Serie)"
"1544924176154210304","https://twitter.com/datGestruepp/status/1544924176154210304","07.07.2022","Oh, Guten Morgen Frida! Wie schön dich hier zu haben.","http://pbs.twimg.com/media/FThnXkmXoAAygEw.jpg","Frieda Kahlo (Künstlerin)"
"1545286559041105921","https://twitter.com/datGestruepp/status/1545286559041105921","08.07.2022","Oh guten Morgen!","http://pbs.twimg.com/media/FTmEFRBWAAECdoQ.jpg","Maurice Moss (The IT Crowd)"
"1545648947779100672","https://twitter.com/datGestruepp/status/1545648947779100672","09.07.2022","Ja, ich habe ein- und ausschalten schon versucht. Den Trick kenn ich!","http://pbs.twimg.com/media/FTmEbXVWUAQ8sF7.jpg","Roy Trenneman (The IT Crowd)"
"1546011336777166848","https://twitter.com/datGestruepp/status/1546011336777166848","10.07.2022","Und in dieser Kiste ist das gesaaaamte Internet!","http://pbs.twimg.com/media/FTmE4DWXsAAu9Gc.jpg","Jen Barber (The IT Crowd)"
"1546373721920720898","https://twitter.com/datGestruepp/status/1546373721920720898","11.07.2022","Ach, du bist von Sarah richtig?","http://pbs.twimg.com/media/FT27x_jWIAEu4kf.jpg","Figur von Sarah Key (Illustratorin, Dichterin)"
"1546736116329594880","https://twitter.com/datGestruepp/status/1546736116329594880","12.07.2022","Guten Morgen.","http://pbs.twimg.com/media/FT28KYkXoAINPpi.jpg","Amy Winehouse (Sängerin)"
"1547098497576476672","https://twitter.com/datGestruepp/status/1547098497576476672","13.07.2022","Oh guten Morgen der Herr. Wir hätten noch Pizzareste da.","http://pbs.twimg.com/media/FT28bCxWAAU1DxO.jpg","Master Splinter (Teenage Mutant Ninja Turtles, Serie)"
"1547460887170228225","https://twitter.com/datGestruepp/status/1547460887170228225","14.07.2022","Schön das du da bist.","http://pbs.twimg.com/media/FT28nwNWAAE-2i0.jpg","Kasper, Augsburger Puppenkiste"
"1547823277820858368","https://twitter.com/datGestruepp/status/1547823277820858368","15.07.2022","Ach hallo. Du bist aber meist nur Nachts unterwegs oder?","http://pbs.twimg.com/media/FT283VsWYAIx9Du.jpg","Tomte Tummetott (Buch, Astrid Lindgren)"
"1548185662490382336","https://twitter.com/datGestruepp/status/1548185662490382336","16.07.2022","Und du machst so Ballsport, ja? Sorry, ich kenne mich mit Animes nicht so gut aus.","http://pbs.twimg.com/media/FUFk8NpX0AUwpiw.jpg","Shōyō Hinata aus Haikyuu (Anime)"
"1548548050276085760","https://twitter.com/datGestruepp/status/1548548050276085760","17.07.2022","Warum so grimmig?","http://pbs.twimg.com/media/FUFlSSGWUAAdNjw.jpg","Invader Zim (Serie)"
"1548910442013155328","https://twitter.com/datGestruepp/status/1548910442013155328","18.07.2022","Ein Tässchen Schmieröl?","http://pbs.twimg.com/media/FUFliGpWQAUZym4.jpg","Nummer 5 (Film)"
"1549272829438435329","https://twitter.com/datGestruepp/status/1549272829438435329","19.07.2022","Da ist echt nur Kaffee drin.","http://pbs.twimg.com/media/FUFlzrFWQAAcT29.jpg","Glendale aus Centaurworld"
"1549635213159870465","https://twitter.com/datGestruepp/status/1549635213159870465","20.07.2022","Och, soooo 'little' bist du ja gar nicht.","http://pbs.twimg.com/media/FUQPgGKWIAAqeNB.jpg","Littlefot aus in einem Land vor unserer Zeit"
"1549997604959838210","https://twitter.com/datGestruepp/status/1549997604959838210","21.07.2022","Aha, und mit dem Dings schießt du dann die Luftballons kaputt. Verstehe.","http://pbs.twimg.com/media/FUQPzZGWAAI5eGS.jpg","Affe aus Bloons (Towe Defense)"
"1550359994603900929","https://twitter.com/datGestruepp/status/1550359994603900929","22.07.2022","Guten Morgen die Dame.","http://pbs.twimg.com/media/FUQQEEQXwAUnTRd.jpg","Rosina aus Animal Crossing"
"1550722377973121025","https://twitter.com/datGestruepp/status/1550722377973121025","23.07.2022","Oha! Ein Bienenmann!","http://pbs.twimg.com/media/FUQQR-oXoAE1F7G.jpg","Bienenmann (Walter Moers, Zamonien, Buch)"
"1551084768401379328","https://twitter.com/datGestruepp/status/1551084768401379328","24.07.2022","Na du?","http://pbs.twimg.com/media/FUQQmBmXwAACMfi.jpg","Flegmon, Pokemon"
"1551447155654569986","https://twitter.com/datGestruepp/status/1551447155654569986","25.07.2022","Aha. Und wo kommst du her?","http://pbs.twimg.com/media/FUjacFVXoAA2Z6s.jpg","Luci aus Disenchantment"
"1551809544828887047","https://twitter.com/datGestruepp/status/1551809544828887047","26.07.2022","Wie jetzt? Also du frisst Träume oder was?","http://pbs.twimg.com/media/FUjbKWrWIAE4vNT.jpg","das Traumfresserchen (Buch)"
"1552171929213095937","https://twitter.com/datGestruepp/status/1552171929213095937","27.07.2022","Und du fotografierst gern?","http://pbs.twimg.com/media/FUjbhrjWAAEYLt9.jpg","Eichhörnchen Twitchy (Rotkäppchenverschwörung, Film)"
"1552534317691129856","https://twitter.com/datGestruepp/status/1552534317691129856","28.07.2022","Guten Morgen!","http://pbs.twimg.com/media/FUjbu5sWUAAUVSo.jpg","Wammawink aus Centaurworld"
"1552896708601946113","https://twitter.com/datGestruepp/status/1552896708601946113","29.07.2022","Oha!","http://pbs.twimg.com/media/FUjb8-iWUAAIDVy.jpg","Harley Quinn"
"1553259094470930432","https://twitter.com/datGestruepp/status/1553259094470930432","30.07.2022","Aja. Käffchen?","http://pbs.twimg.com/media/FUp78ACXEAE2qiG.jpg","Zulius aus Centaurworld (Serie)"
"1553621480214351873","https://twitter.com/datGestruepp/status/1553621480214351873","31.07.2022","Ach wie schön!","http://pbs.twimg.com/media/FUp8I_-WYAAJAlY.jpg","Peterson (Buch)"
"1553983870004891650","https://twitter.com/datGestruepp/status/1553983870004891650","01.08.2022","Auch schon wach?","http://pbs.twimg.com/media/FUp8W4EXoAI2Wbd.jpg","Findus (Buch)"
"1554346256352178176","https://twitter.com/datGestruepp/status/1554346256352178176","02.08.2022","Du auch noch?","http://pbs.twimg.com/media/FUp8lvoWQAk4jIM.jpg","Ched aus Centaurworld (Serie)"
"1554708645232926720","https://twitter.com/datGestruepp/status/1554708645232926720","03.08.2022","Ah, okay. Ich glaube Sie trinken keinen Kaffee, oder?","http://pbs.twimg.com/media/FUwCymeXEAIV4Is.jpg","van Helsing (Anime)"
"1555071035069779968","https://twitter.com/datGestruepp/status/1555071035069779968","04.08.2022","Wa? Wo kommen denn die Petunien jetzt her?","http://pbs.twimg.com/media/FUwDJCCWAAA6_1t.jpg","Petunientopf (Per Anhalter durch die Galaxis, Buch)"
"1555433423988264961","https://twitter.com/datGestruepp/status/1555433423988264961","05.08.2022","Ach und du bist jetzt die Frau von... Plankton? Oke.","http://pbs.twimg.com/media/FU0O1EtXwAY3Prv.jpg","Karen Plankton (Spongebob, Serie)"
"1555795807298887686","https://twitter.com/datGestruepp/status/1555795807298887686","06.08.2022","Komische Frisur.","http://pbs.twimg.com/media/FU0PHn7XsAEsdMh.jpg","Zorg aus das fünfte Element (?)"
"1556158195076308992","https://twitter.com/datGestruepp/status/1556158195076308992","07.08.2022","Ach wie niedlich!","http://pbs.twimg.com/media/FU0PXqYXsAEU1Zz.jpg","Piepi (Pokemon)"
"1556520586167300102","https://twitter.com/datGestruepp/status/1556520586167300102","08.08.2022","Ach wie schön. Hallo!","http://pbs.twimg.com/media/FU0Ps8zWIAAl2P1.jpg","Perla Krabs (Spongebob, Serie)"
"1556882973596585984","https://twitter.com/datGestruepp/status/1556882973596585984","09.08.2022","Krasse Narben.","http://pbs.twimg.com/media/FVXHNO7X0AAp0DM.jpg","Lorenor Zorro (one piece)"
"1557245362947194882","https://twitter.com/datGestruepp/status/1557245362947194882","10.08.2022","Guten Morgen!","http://pbs.twimg.com/media/FVECRuvXoAIF6DM.jpg","Bisaknosp (Pokemon)"
"1557607750762463232","https://twitter.com/datGestruepp/status/1557607750762463232","11.08.2022","Was zum?!","http://pbs.twimg.com/media/FVEC1uhXoAIvKGR.jpg","Tetris Teil"
"1557970138694971400","https://twitter.com/datGestruepp/status/1557970138694971400","12.08.2022","Echt jetzt?","http://pbs.twimg.com/media/FVEDHjrWUAUrH7x.jpg","Tetris Teil"
"1558332523830054912","https://twitter.com/datGestruepp/status/1558332523830054912","13.08.2022","Oh. Bist du nett?","http://pbs.twimg.com/media/FVEDahkX0AIqe5z.jpg","Sly (Hollow Knight, Game)"
"1558694910743552000","https://twitter.com/datGestruepp/status/1558694910743552000","14.08.2022","Guten Morgen Herr Freeman.","http://pbs.twimg.com/media/FVEDv6RWQAISJRS.jpg","Gordon Freeman (Half-Life, Game)"
"1559057301243277312","https://twitter.com/datGestruepp/status/1559057301243277312","15.08.2022","Schön dich zu sehen!","http://pbs.twimg.com/media/FVEEAZ6WAAMJ889.jpg","Chaneira (Pokemon)"
"1559419689150857217","https://twitter.com/datGestruepp/status/1559419689150857217","16.08.2022","Guten Morgen der Herr.","http://pbs.twimg.com/media/FVEEUKQXwAMsiVO.jpg","Fishstick (Fortnite, Game)"
"1559782074248306688","https://twitter.com/datGestruepp/status/1559782074248306688","17.08.2022","Ui. Wer bist du denn?","http://pbs.twimg.com/media/FVEEk8EXsAMJKhM.jpg","Confessor Jiji (Hollow Knight, Game)"
"1560144465402032128","https://twitter.com/datGestruepp/status/1560144465402032128","18.08.2022","Na du hast dich aber weiterentwickelt.","http://pbs.twimg.com/media/FVOHk56XoAUsu9r.jpg","Parasect (Pokemon)"
"1560506852424572929","https://twitter.com/datGestruepp/status/1560506852424572929","19.08.2022","Ja, natürlich ist das auch eine Linkshändertasse. Selbstverständlich.","http://pbs.twimg.com/media/FVOISXWWYAAIxCC.jpg","Ned Flanders (The Simpsons, Serie)"
"1560869236804820997","https://twitter.com/datGestruepp/status/1560869236804820997","20.08.2022","Guten Morgen!","http://pbs.twimg.com/media/FVOI1TXWQAAU_Ow.jpg","Quirrel (Hollow Knight, Game)"
"1561231629476982784","https://twitter.com/datGestruepp/status/1561231629476982784","21.08.2022","Ach schau an.","http://pbs.twimg.com/media/FVOJtudWIAE-xwQ.jpg","Quaputzi (Pokemon)"
"1561594015769776128","https://twitter.com/datGestruepp/status/1561594015769776128","22.08.2022","och je. Warum so traurig?","http://pbs.twimg.com/media/FVOKXnCWQAQgL_v.jpg","Grubfather (Hollow Knight, Game)"
"1561956404730007552","https://twitter.com/datGestruepp/status/1561956404730007552","23.08.2022","Wer braucht schon Sailor Moon. *Gnihihi*","http://pbs.twimg.com/media/FVXKCcMXEAE9z0B.jpg","Tuxido Mask (Sailor Moon, Anime)"
"1562318794353041409","https://twitter.com/datGestruepp/status/1562318794353041409","24.08.2022","Mhmm!","http://pbs.twimg.com/media/FVXKo10WIAAhndP.jpg","Lilly (Harveys neue Augen, Deadelic, Game)"
"1562681177059860480","https://twitter.com/datGestruepp/status/1562681177059860480","25.08.2022","Willkommen!","http://pbs.twimg.com/media/FVjaoTuWAAAwyGd.jpg","Kitty White (Hello Kitty)"
"1563043567236530176","https://twitter.com/datGestruepp/status/1563043567236530176","26.08.2022","Vorsicht Spinne!! Auch du kannst dich sogar mit denen unterhalten? Schau an.","http://pbs.twimg.com/media/FVjbJTMXwAMFPe4.jpg","Webber (Don't Starve, Game)"
"1563405957492776960","https://twitter.com/datGestruepp/status/1563405957492776960","27.08.2022","Ähm... Ich hab nix falsches gemacht. ","http://pbs.twimg.com/media/FVjcNv_XwAADg9A.jpg","Oberin Ignaz (Harveys neue Augen, Deadelic, Game)"
"1563768344712396800","https://x.com/datGestruepp/status/1563768344712396800",28.08.2022,"Wie? Du isst Metall? Das klingt schwer verdaulich.","https://pbs.twimg.com/media/FVjc0kOXEAEP5N_.jpg","WX-78 (Don't Starve, Game)"
"1564130734155202562","https://x.com/datGestruepp/status/1564130734155202562",29.08.2022,"Zeit zum ausbrechen!","https://pbs.twimg.com/media/FVjdgsPWUAAEVP8.jpg","Edna (aus dem Spiel ""Edna bricht aus"", Game)"
"1564493119399333889","https://x.com/datGestruepp/status/1564493119399333889",30.08.2022,"Ach, guten Morgen der Herr.","https://pbs.twimg.com/media/FVylqpjX0AIc5Vw.jpg","Elmer Fudd (Serie, Loony Tunes)"
"1564855506476449792","https://x.com/datGestruepp/status/1564855506476449792",31.08.2022,"Auch schon wach?","https://pbs.twimg.com/media/FVymSgGWQAIzh88.jpg"," Jurob (Pokemon, Serie, Game)"
"1565217891653455873","https://x.com/datGestruepp/status/1565217891653455873",01.09.2022,"Nanu? Wer bist denn du?","https://pbs.twimg.com/media/FVynE5yWIAAw3-G.jpg","Roald  (Animal Crossing, Game) "
"1565580281662152705","https://x.com/datGestruepp/status/1565580281662152705",02.09.2022,"Miep?","https://pbs.twimg.com/media/FVynhCJWAAMxpn-.jpg"," Wile E. Coyote (Serie, Loony Tunes)"
"1565942673860468736","https://x.com/datGestruepp/status/1565942673860468736",03.09.2022,"Och wie niedlich!","https://pbs.twimg.com/media/FVyoGJaXsAA2est.jpg"," Knuddeluff (Pokemon, Serie, Game)"
"1566305055644389376","https://x.com/datGestruepp/status/1566305055644389376",04.09.2022,"Boah! Was für eine Gemeinheit!","https://pbs.twimg.com/media/FV73KftWIAEBQua.jpg","Der Maulwurf, der wissen wollte, wer ihm auf den Kopf gekackt hat. (Buch)"
"1566667442297999364","https://x.com/datGestruepp/status/1566667442297999364",05.09.2022,"BOAH NE!! Geh weg! Dich will ich hier nicht!","https://pbs.twimg.com/media/FV73yo0WIAc8rAo.jpg","Das Zahnwehmännlein (DDR, Kinderbuch, Buch)"
"1567029834412433409","https://x.com/datGestruepp/status/1567029834412433409",06.09.2022,"Ganz schön kantig.","https://pbs.twimg.com/media/FV74SZGXEAAb9yW.jpg","Porygon (Pokemon, Game, Serie)"
"1567392350481022976","https://x.com/datGestruepp/status/1567392350481022976",07.09.2022,"Schön dich zu sehen! Guten Morgen!","https://pbs.twimg.com/media/FV741rDWIAE_Sww.jpg","Sergeant Deux Deux (Serie)"
"1567754734152318976","https://x.com/datGestruepp/status/1567754734152318976",08.09.2022,"Nanu. Dich hab ich auch noch nie gesehen.","https://pbs.twimg.com/media/FV75PvvWIAAzV0c.jpg"," Lampi (Pokemon, Serie)"
"1568116993776971776","https://x.com/datGestruepp/status/1568116993776971776",09.09.2022,"Huh! Du bist ja unheimlich!","https://pbs.twimg.com/media/FWFZrNxXoAQsw4H.jpg","Manuel ""Manny"" Calavera (aus dem Spiel Grim Fandango, Game)"
"1568479385790943233","https://x.com/datGestruepp/status/1568479385790943233",10.09.2022,"Aww. Wie schön dich da zu haben.","https://pbs.twimg.com/media/FWFaWlXXoAA1zxf.jpg","Mampfaxo (Pokemon, Game, Serie)"
"1568841774507794432","https://x.com/datGestruepp/status/1568841774507794432",11.09.2022,"Und wer bist du?","https://pbs.twimg.com/media/FWFa9rcWAAAh0JI.jpg","Glottis (aus dem Spiel Grim Fandango, Game)"
"1569204158204235776","https://x.com/datGestruepp/status/1569204158204235776",12.09.2022,"Aha. Murray also. Und was machen Sie so Herr Murray?","https://pbs.twimg.com/media/FWFbcpaXkAEzfYd.jpg","Murray (Monkey Island, Game) "
"1569566552277385216","https://x.com/datGestruepp/status/1569566552277385216",13.09.2022,"Guten Morgen!","https://pbs.twimg.com/media/FWFb9_wXoAInkHo.jpg","Frubberl (Pokemon, Serie, Game)"
"1569928941887926272","https://x.com/datGestruepp/status/1569928941887926272",14.09.2022,"Sie erleben sicher auch viele Abenteuer oder?","https://pbs.twimg.com/media/FWFcZdXXoAEwC_b.jpg","Bwana (aus dem Spiel The Journey Down, Game)"
"1570291326461087744","https://x.com/datGestruepp/status/1570291326461087744",15.09.2022,"Ach guck. Dein Freund war gestern auch schon da.","https://pbs.twimg.com/media/FWFdGANWAAAeR2e.jpg","Kito (aus dem Spiel The Journey Down, Game)"
"1570653723973496832","https://x.com/datGestruepp/status/1570653723973496832",16.09.2022,"Oh wie schön! Na du?","https://pbs.twimg.com/media/FWWhTg4XoAAgM00.jpg","Chester (aus dem Spiel ""Don't starve"", Game)"
"1571016097360388098","https://x.com/datGestruepp/status/1571016097360388098",17.09.2022,"Oh! Herr Doctor.","https://pbs.twimg.com/media/FWWh01HX0AEK2Qc.jpg","Dr. Strange (Marvel, Serie, Film)"
"1571378492792446976","https://x.com/datGestruepp/status/1571378492792446976",18.09.2022,"Moin!","https://pbs.twimg.com/media/FWWiNioX0AIfK55.jpg","Werner Beinhart (Comic, Film)"
"1571740874001768448","https://x.com/datGestruepp/status/1571740874001768448",19.09.2022,"Oh. Aber bitte kein Feuerzeug benutzen. ich denke der Kaffee ist heiß genug.","https://pbs.twimg.com/media/FWWisKUWIAA45a7.jpg","Willow (aus dem Spiel ""Don't starve"", Game) "
"1572103266636267520","https://x.com/datGestruepp/status/1572103266636267520",20.09.2022,"Och wie nett.","https://pbs.twimg.com/media/FWWjOPHWYAQWThN.jpg","Papa Moll (Comic, Cartoon, Buch)"
"1572465653893718020","https://x.com/datGestruepp/status/1572465653893718020",21.09.2022,"Ach wie nett.","https://pbs.twimg.com/media/FWgRp6mVUAAqSzE.jpg","Taubsi (Pokemon, Game, Serie)"
"1572828037661351938","https://x.com/datGestruepp/status/1572828037661351938",22.09.2022,"Guten Morgen der Herr.","https://pbs.twimg.com/media/FWgSBahUUAI2HMF.jpg","Yosemite Sam (von den Loony Toons, Serie)"
"1573190424574930944","https://x.com/datGestruepp/status/1573190424574930944",23.09.2022,"Und dein bester Freund ist ein Huhn? Ach was!","https://pbs.twimg.com/media/FWgSkhUUsAE_onl.jpg","Cow (von Cow & Chicken, Serie)"
"1573552816618033153","https://x.com/datGestruepp/status/1573552816618033153",24.09.2022,"Und was kochen Sie so?","https://pbs.twimg.com/media/FWgTErWUAAE8Yx5.jpg","Witch Hazel (von den Loony Tunes, Serie)"
"1573915204131373061","https://x.com/datGestruepp/status/1573915204131373061",25.09.2022,"Ah. Ja dein Kumpel war schon da.","https://pbs.twimg.com/media/FWgTdy0UAAAUH2w.jpg","Chicken (Cow & Chicken, Serie)"
"1574277588301783042","https://x.com/datGestruepp/status/1574277588301783042",26.09.2022,"Warum so wütend?","https://pbs.twimg.com/media/FXJw9jaXkAE9t4z.jpg","Ratfratz (Pokemon, Serie, Game)"
"1574639975374651392","https://x.com/datGestruepp/status/1574639975374651392",27.09.2022,"Ach, die Schildträger haben Pause.","https://pbs.twimg.com/media/FXJxZbkXwAgsSr2.jpg","Majestix (Asterix & Obelix, Comic, Film)"
"1575002367140823040","https://x.com/datGestruepp/status/1575002367140823040",28.09.2022,"Ach hier sind Sie!","https://pbs.twimg.com/media/FXJyinDWAAAG4cY.jpg","Waldo (Wo ist Waldo?, Buch)"
"1575364755509780480","https://x.com/datGestruepp/status/1575364755509780480",29.09.2022,"Na hallo ihr drei!","https://pbs.twimg.com/media/FXYrO_cWIAE37Vq.jpg","Digdri (Pokemon, Serie, Game)"
"1575727147024584704","https://x.com/datGestruepp/status/1575727147024584704",30.09.2022,"Ach. Hallo.","https://pbs.twimg.com/media/FXYrkwaWIAA-boi.jpg","Jacques (aus ""Findet Nemo"", Film, Pixar)"
"1576089532117577728","https://x.com/datGestruepp/status/1576089532117577728",01.10.2022,"Och. Was bist du denn?","https://pbs.twimg.com/media/FXZZaHRX0AAYDdK.jpg","Ron Stoppable und sein Nacktmulch (Serie)"
"1576451918280290305","https://x.com/datGestruepp/status/1576451918280290305",02.10.2022,"Wie süß!","https://pbs.twimg.com/media/FXZZz6iXEAAGmWF.jpg","Ein Alien (aus Toy Story, Film, Pixar)"
"1576814309685927937","https://x.com/datGestruepp/status/1576814309685927937",03.10.2022,"Huch. Hast du mich erschreckt.","https://pbs.twimg.com/media/FXdMaAEX0AAbXYo.jpg","Omot (Pokemon, Serie, Game)"
"1577176691507712001","https://x.com/datGestruepp/status/1577176691507712001",04.10.2022,"Ja Robby hey!","https://pbs.twimg.com/media/FXdM1dOXgAEqQwv.jpg","Robert „Robbie“ Mark Sinclair (Serie, Die Dinos)"
"1577539081575309313","https://x.com/datGestruepp/status/1577539081575309313",05.10.2022,"Ja guten Morgen!","https://pbs.twimg.com/media/FXdNSypWQAACrdw.jpg","Cera (ein Land vor unserer Zeit, Film)"
"1577901467641397250","https://x.com/datGestruepp/status/1577901467641397250",06.10.2022,"Vorsicht heiß!","https://pbs.twimg.com/media/FXdN46cWYAAE2QH.jpg","Menki (Pokemon, Serie, Game)"
"1578263860355731457","https://x.com/datGestruepp/status/1578263860355731457",07.10.2022,"So klappt's!","https://pbs.twimg.com/media/FXdOUJjXwAAqUQ3.jpg","Tetrisstein (Tetris, Game)"
"1578626247013253120","https://x.com/datGestruepp/status/1578626247013253120",08.10.2022,"Ach guck. Dein Bruder war vor kurzem auch schon da.","https://pbs.twimg.com/media/FXdOw6aWQAARhyZ.jpg","Charlene Sinclair (Serie, Die Dinos)"
"1578988631318040577","https://x.com/datGestruepp/status/1578988631318040577",09.10.2022,"*blep*","https://pbs.twimg.com/media/FXixdzbXkAAd_UT.jpg","Ohnezahn (Film, Pixar, Drachenzähmen leicht gemacht)"
"1579351020458631169","https://x.com/datGestruepp/status/1579351020458631169",10.10.2022,"Hallo Roy!","https://pbs.twimg.com/media/FXix8jfXoAAHGKM.jpg","Roy (Die Dinos, Serie)"
"1579713405522300929","https://x.com/datGestruepp/status/1579713405522300929",11.10.2022,"Oha.","https://pbs.twimg.com/media/FXiyVFHWYAEEVvz.jpg","Onyx (Pokemon, Serie, Game)"
"1580075794310774786","https://x.com/datGestruepp/status/1580075794310774786",12.10.2022,"Oke, aber in den Kaffee kommt kein Käse!","https://pbs.twimg.com/media/FXiypMRXwAIe7h1.jpg","Samson (Chip & Chap, Serie)"
"1580438187847172096","https://x.com/datGestruepp/status/1580438187847172096",13.10.2022,"Ach Monica, schön das du rein schaust.","https://pbs.twimg.com/media/FXizASsXgAMUTnN.jpg","Monica DeVertebrae (Die Dinos, Serie)"
"1580800575016300544","https://x.com/datGestruepp/status/1580800575016300544",14.10.2022,"Könnten Sie bitte Ihren Hammer vom Kaffee runter nehmen?","https://pbs.twimg.com/media/FXnm8JbXkAEpzaF.jpg","Thor (Marvel, Film, Comic)"
"1581162960952737793","https://x.com/datGestruepp/status/1581162960952737793",15.10.2022,"Oh, eine schlechte Idee.","https://pbs.twimg.com/media/FXnsMGdWYAIIFd9.jpg","Schlechte Idee (aus Zamonien, Walter Moers, Buch)"
"1581525349094916096","https://x.com/datGestruepp/status/1581525349094916096",16.10.2022,"Guten Morgen!","https://pbs.twimg.com/media/FXnslg4WQAMJEOL.jpg","Azumarill (Pokemon, Serie, Game)"
"1581887733089259520","https://x.com/datGestruepp/status/1581887733089259520",17.10.2022,"Ach, dich kenn ich doch irgendwoher!","https://pbs.twimg.com/media/FXns9hqXkAEYhtA?format=webp&name=small","Miles Prower (Sonic, Game)"
"1582250120627748865","https://x.com/datGestruepp/status/1582250120627748865",18.10.2022,"Oh! Eine Schachunke!","https://pbs.twimg.com/media/FXntSuFX0AA_W55?format=webp&name=small","Schachunke (aus Zamonien, Walter Moers, Buch)"
"1582612513799168000","https://x.com/datGestruepp/status/1582612513799168000",19.10.2022,"Ach, du bist der mit der Stimme!?","https://pbs.twimg.com/media/FYBvhLxWQAEbOUZ?format=webp&name=small","Razzortainment (Streamer, Twitch)"
"1582974899408310272","https://x.com/datGestruepp/status/1582974899408310272",20.10.2022,"Oh! Hallo Spencer!","https://pbs.twimg.com/media/FYBvy3cXgAMe7yu?format=webp&name=small","Spencer (Serie, Hallo Spencer!)"
"1583337289647792129","https://x.com/datGestruepp/status/1583337289647792129",21.10.2022,"Oke.","https://pbs.twimg.com/media/FYBv8TAXEAUSgdA?format=webp&name=small","Charmichael (aus Umbrella Academy, Serie, Netflix)"
"1583699672836743169","https://x.com/datGestruepp/status/1583699672836743169",22.10.2022,"Hm. Ich weiß nicht ob ich dich mag.","https://pbs.twimg.com/media/FYBwQ61WIAE55hP?format=webp&name=small","Randy (aus Monster AG, Film, Pixar)"
"1584062063537639424","https://x.com/datGestruepp/status/1584062063537639424",23.10.2022,"Oh wie schön dich zu treffen!","https://pbs.twimg.com/media/FYBwcCPX0AIT4Ax?format=webp&name=small","Lexi (aus Hallo Spencer!, Serie)"
"1584424451545841666","https://x.com/datGestruepp/status/1584424451545841666",24.10.2022,"Na du?","https://pbs.twimg.com/media/FYFw286WAAAIzJs?format=webp&name=small","Felino (Pokemon, Serie, Game)"
"1584786836362121216","https://x.com/datGestruepp/status/1584786836362121216",25.10.2022,"Guten Morgen Nepomuk! Schon so früh wach?","https://pbs.twimg.com/media/FYFxGEnX0AE7zL0?format=webp&name=small","Nepomuk (aus Hallo Spencer!, Serie)"
"1585149230175305730","https://x.com/datGestruepp/status/1585149230175305730",26.10.2022,"Du auch hier? Wie schön das ihr alle mal vorbei schaut.","https://pbs.twimg.com/media/FYFxVn3XkAAfg_F?format=webp&name=small","Kasimir (von hallo Spencer!, Serie)"
"1585511617625726976","https://x.com/datGestruepp/status/1585511617625726976",27.10.2022,"Warum so finster?","https://pbs.twimg.com/media/FYLLvsMX0AAfWvR?format=webp&name=small","Fisoduck (Darkwing Duck, Serie)"
"1585874001905139713","https://x.com/datGestruepp/status/1585874001905139713",28.10.2022,"Guten morgen Mädels.","https://pbs.twimg.com/media/FYLL9NuX0AAizkP?format=webp&name=small","Mona und Lisa (aus Hallo Spencer!, Serie)"
"1586236389938499585","https://x.com/datGestruepp/status/1586236389938499585",29.10.2022,"Und wenn sie das Buch öffnen, fallen alle Vögel vom Himmel? Wie gruselig.","https://pbs.twimg.com/media/FYLMKvFXwAAqsFD.jpg","Wickerbottom (Don't Starve, Game)"
"1586613876170362880","https://x.com/datGestruepp/status/1586613876170362880",30.10.2022,"Ähm... oke.","https://pbs.twimg.com/media/FYLMadmXEAAEvaZ.jpg","Lektroball (Pokemon, Serie, Game)"
"1586976262962221056","https://x.com/datGestruepp/status/1586976262962221056",31.10.2022,"Bitte nicht so böse gucken. Der Kaffee ist ganz frisch.","https://pbs.twimg.com/media/FYLMn4jXkAENS0v.jpg","Quackerjack (Seire, Darkwing Duck)"
"1587338654405443586","https://x.com/datGestruepp/status/1587338654405443586",01.11.2022,"Bitte nix werfen! Danke!","https://pbs.twimg.com/media/FYRLD6mWAAAPPyp.jpg","Bomberman (Game)"
"1587701038110322689","https://x.com/datGestruepp/status/1587701038110322689",02.11.2022,"Oh wie schön! Na du?","https://pbs.twimg.com/media/FYRLPyyWYAI0QHs.jpg","Feivel (Film)"
"1588063428051992580","https://x.com/datGestruepp/status/1588063428051992580",03.11.2022,"Guten Morgen!","https://pbs.twimg.com/media/FYRLZ4TXwAI9D9K.jpg","Filburt Turtle (Serie)"
"1588425815582121985","https://x.com/datGestruepp/status/1588425815582121985",04.11.2022,"Schon geduscht heute?","https://pbs.twimg.com/media/FYRLjm1XEAAS0rT.jpg","Krumm (aus der Seire Aaahh! Monster)"
"1588788203263209472","https://x.com/datGestruepp/status/1588788203263209472",05.11.2022,"Bitte vorsichtig mit dem Gras!","https://pbs.twimg.com/media/FYR7WAQX0AAvaK4.jpg","FCG von Critical Role (Game)"
"1589150593347559424","https://x.com/datGestruepp/status/1589150593347559424",06.11.2022,"Oh. Gott. Ich hab doch keine Ahnung von Mathe!","https://pbs.twimg.com/media/FYR7jPMXwAIDkpy.jpg","Emmy Noether (Mathematikerin)"
"1589467681001861120","https://x.com/datGestruepp/status/1589467681001861120",07.11.2022,"Ach, kannst du dann dein Handy selber laden?","https://pbs.twimg.com/media/FYR7y_MXwAMaOY8.jpg","Megavolt (von Darkwing Duck, Serie)"
"1589875370295144448","https://x.com/datGestruepp/status/1589875370295144448",08.11.2022,"Ach, bist du nicht der beste Kumpel von Arnold?","https://pbs.twimg.com/media/FZEp9dAXgAEiVlp.jpg","Gerald Johanssen (Hey Arnold, Serie)"
"1590237753387556864","https://x.com/datGestruepp/status/1590237753387556864",09.11.2022,"Warum so sauer?","https://pbs.twimg.com/media/FZEqLv2XkAI3UA5.jpg","Edward Bighead (Rocko's Modernes Leben, Seire)"
"1590600148706627585","https://x.com/datGestruepp/status/1590600148706627585",10.11.2022,"Ach sooo. Sie sind die Frau von dem gestern. Entschuldigung!","https://pbs.twimg.com/media/FZEqomDWAAAmTPj.jpg","Beverly Bighead  (Rocko's Modernes Leben, Seire)"
"1590962533615247361","https://x.com/datGestruepp/status/1590962533615247361",11.11.2022,"Hallo! Und kannst du schon Löffel biegen, oder bist du noch zu klein?","https://pbs.twimg.com/media/FZTqOzSX0AEtEqp.jpg","Ein Abra (Serie, Pokemon, Game)"
"1591324921187258368","https://x.com/datGestruepp/status/1591324921187258368",12.11.2022,"Ach ihr. Okay.","https://pbs.twimg.com/media/FZTqkaQWIAEe48B.jpg","Die drei Kakerlaken (Serie, Oggy und die Karkerlarken)"
"1591687305839927296","https://x.com/datGestruepp/status/1591687305839927296",13.11.2022,"Guten Morgen!","https://pbs.twimg.com/media/FZTqzPQWAAAk3XT.jpg","Gir (von Invader Zim, Serie)"
"1592049698021539840","https://x.com/datGestruepp/status/1592049698021539840",14.11.2022,"Und sie sind ein Graf?","https://pbs.twimg.com/media/FZTrCxQXoAEbLia.jpg","Graf Zitronenbaum (Adventur Time, Serie)"
"1592412086981869570","https://x.com/datGestruepp/status/1592412086981869570",15.11.2022,"Bitte nicht hauen!","https://pbs.twimg.com/media/FZTrMtZXwAQ0gwk.jpg","Harold Berman (aus Hey Arnold!, Serie)"
"1592774469294211072","https://x.com/datGestruepp/status/1592774469294211072",16.11.2022,"Ich weiß wen du suchst. Die 3 waren schon da!","https://pbs.twimg.com/media/FZTraLEXgAAxkL2.jpg","Oggy (Oggy und die Karkerlarken, Serie)"
"1593136861215612929","https://x.com/datGestruepp/status/1593136861215612929",17.11.2022,"Ach wie niedlich!","https://pbs.twimg.com/media/FZTrm5bX0AEO9w_.jpg","Ein Knofensa (Pokemon, Serie, Game)"
"1593499247747289088","https://x.com/datGestruepp/status/1593499247747289088",18.11.2022,"Du siehst aus, als würdest du etwas aushecken.","https://pbs.twimg.com/media/FZTrwiOWAAQieUg.jpg","Jack (aus Oggy und die Kakerlaken, Serie)"
"1593861634325446658","https://x.com/datGestruepp/status/1593861634325446658",19.11.2022,"Und du bist auch ein Freund von Pepper Ann richtig?","https://pbs.twimg.com/media/FZTsBOfX0AAioOm.jpg","Milo Kamalani (Pepper Ann, Serie)"
"1594224020727025667","https://x.com/datGestruepp/status/1594224020727025667",20.11.2022,"Was bist du denn?","https://pbs.twimg.com/media/FZTsNY7WIAAG1z3.jpg","Minimoose (aus Invader Zim, Serie)"
"1594586409255415808","https://x.com/datGestruepp/status/1594586409255415808",21.11.2022,"Oh, eine Prinzessin! Vor kurzem hatte ich auch einen Grafen zu besuch. Kennen sie den?","https://pbs.twimg.com/media/FZTsWvzWYAAEAcf.jpg","Prinzessin Bubblegum (Adventure Time, Serie)"
"1594948801638371334","https://x.com/datGestruepp/status/1594948801638371334",22.11.2022,"Guten Morgen!","https://pbs.twimg.com/media/FaGp7aiXkAAaW2f.jpg","Art (von Monster AG, Film, Pixar)"
"1595311186823766017","https://x.com/datGestruepp/status/1595311186823766017",23.11.2022,"Ewwww. Was bist du denn?","https://pbs.twimg.com/media/FaSArSwXwAAb1iX.jpg","Ein Sleima (Pokemon, Serie, Game)"
"1595673577704939522","https://x.com/datGestruepp/status/1595673577704939522",24.11.2022,"Ich möchte aber keinem Cult beitreten.","https://pbs.twimg.com/media/FaSA5pTX0AEMEzL.jpg","Lamm (Cult of a Lamb, Game)"
"1596035965994180608","https://x.com/datGestruepp/status/1596035965994180608",25.11.2022,"Gut das ich keinen Fisch verkaufe.","https://pbs.twimg.com/media/FaSBK9qWAAAh0VG.jpg","Automatix (Asterix & Obelix, Film, Comic)"
"1596398349384486913","https://x.com/datGestruepp/status/1596398349384486913",26.11.2022,"Ach, du bist doch auch aus einem Computerspiel!","https://pbs.twimg.com/media/FaSBWgXWIAEM5Ur.jpg","Crash Bandicoot (Game)"
"1596760737979912192","https://x.com/datGestruepp/status/1596760737979912192",27.11.2022,"Cool! Titan hab ich auch schon, nur die Selbstheilungskräfte lassen noch auf sich warten!","https://pbs.twimg.com/media/FaSBqlyXwAYrzJM.jpg","Wolverine (Film, Comic)"
"1597123128852762626","https://x.com/datGestruepp/status/1597123128852762626",28.11.2022,"Guten Morgen!","https://pbs.twimg.com/media/FaSCA2tXgAMgUQ7.jpg","Duke Nukem (Game)"
"1597485513933344768","https://x.com/datGestruepp/status/1597485513933344768",29.11.2022,"Ach, Gutemiene! Wie nett. Aber bitte nicht hauen!","https://pbs.twimg.com/media/FaSCOmHXkAEKQkx.jpg","Gutemiene (Asterix & Obelix, Comic, Film)"
"1597847906245087232","https://x.com/datGestruepp/status/1597847906245087232",30.11.2022,"Wie schön das du vorbei kommst.","https://pbs.twimg.com/media/FaSCaIGWAAA6Xz1.jpg","Hank (aus dem Spiel Bear & Breakfast, Game)"
"1598210288850915329","https://x.com/datGestruepp/status/1598210288850915329",01.12.2022,"Coole Brille. Und die gibt's nur beim Tee oder wie?","https://pbs.twimg.com/media/FaSC3WbWQAMVBEo.jpg","Franky (aus One Peace, Anime, Serie)"
"1598572679820214274","https://x.com/datGestruepp/status/1598572679820214274",02.12.2022,"Sorry, aber ich kenn die Filme nicht so gut, aber dich kann irgendwie keiner so richtig leiden oder?","https://pbs.twimg.com/media/FaSDIK2XkAI0q6L.jpg","Jar Jar Binks (Staw Wars, Film)"
"1598935063718072320","https://x.com/datGestruepp/status/1598935063718072320",03.12.2022,"Ganz schön kriegerisches Outfit.","https://pbs.twimg.com/media/FaSDZY0X0AEHXp2.jpg","Kratos (Game)"
"1599297453630554112","https://x.com/datGestruepp/status/1599297453630554112",04.12.2022,"Könnt ihr auch Wärme machen?","https://pbs.twimg.com/media/FaSDkGOX0AwrhL_.jpg","Magneton (Pokemon, Serie, Game)"
"1599659839843696643","https://x.com/datGestruepp/status/1599659839843696643",05.12.2022,"Nice Frisur digga! Sagt man doch so oder?","https://pbs.twimg.com/media/FaSDwo9XwAEa10c.jpg","Rezo (Youtuber, Streamer, Twitch)"
"1600022232591474690","https://x.com/datGestruepp/status/1600022232591474690",06.12.2022,"Und du bist ein Gott? Cool!","https://pbs.twimg.com/media/FaSD7ggXoAMHIF5.jpg","Loki (Film, Comic)"
"1600384614023024642","https://x.com/datGestruepp/status/1600384614023024642",07.12.2022,"Voll die gute Laune so früh.","https://pbs.twimg.com/media/FaSEIMOXkAELnCR.jpg","Moorabbel (Pokemon, Game, Serie)"
"1600747005810122752","https://x.com/datGestruepp/status/1600747005810122752",08.12.2022,"Oha. Und dieser Zenturio schickt euch da immer wieder hin? Uff!","https://pbs.twimg.com/media/FaSETMKWQAQtweP.jpg","Ein Römer (Asterix & Obelix, Comic, Film)"
"1601109392643960832","https://x.com/datGestruepp/status/1601109392643960832",09.12.2022,"Na, dich hab ich doch auch schon mal irgendwo gesehen!","https://pbs.twimg.com/media/FaSEjDaWQAABiZ8.jpg","Titeuf (Comic)"
"1601471776998957057","https://x.com/datGestruepp/status/1601471776998957057",10.12.2022,"Auch noch müde?","https://pbs.twimg.com/media/FaSEvFrX0AEeGQW.jpg","Traumato (Pokemon, Serie, Game)"
"1601834164814233605","https://x.com/datGestruepp/status/1601834164814233605",11.12.2022,"Bitte nicht werfen!","https://pbs.twimg.com/media/Fbtqb04WAAANclt.jpg","Bowser (Super Mario, Game)"
"1602196554265288706","https://x.com/datGestruepp/status/1602196554265288706",12.12.2022,"Ach und deine Katze heißt Spot? Wie niedlich!","https://pbs.twimg.com/media/FbtqpnTXgAAfjav.jpg","Data (Star Trek, Serie)"
"1602558940637806592","https://x.com/datGestruepp/status/1602558940637806592",13.12.2022,"Ja verrückt wie Energie geladen man mit so einem Specialdrink werden kann. Hmm, verstehe.","https://pbs.twimg.com/media/Fbtq7aGWIAAWVlK.jpg","Methusalix (Asterix & Obelix, Comic, Film)"
"1602921330088607744","https://x.com/datGestruepp/status/1602921330088607744",14.12.2022,"Solltest du wirklich Kaffee trinken?","https://pbs.twimg.com/media/Fbtrva7X0AECn1s.jpg","Ein Hoothoot (Pokemon, Serie, Game)"
"1603283718562455552","https://x.com/datGestruepp/status/1603283718562455552",15.12.2022,"Ist das Ohr noch dran?","https://pbs.twimg.com/media/Fbtr5x1XoAAk-i_.jpg","Van Gogh (Maler)"
"1603646108655161346","https://x.com/datGestruepp/status/1603646108655161346",16.12.2022,"Oh hallo! Naa??","https://pbs.twimg.com/media/FbtsFj8XgAAcn1V.jpg","Geralt von Rivia (Serie, Game, The Witcher)"
"1604008495606648838","https://x.com/datGestruepp/status/1604008495606648838",17.12.2022,"Ach und das ist... Gift. Ist ja nett...","https://pbs.twimg.com/media/FbtsSRgX0Acx4fs.jpg","Ein Smogon  (Pokemon, Serie, Game)"
"1604370881857196032","https://x.com/datGestruepp/status/1604370881857196032",18.12.2022,"Guten Morgen Herr Cäsar!","https://pbs.twimg.com/media/FbtseQIWYAElsGQ.jpg","Juluis Cäsar (Asterix & Obelix, Fim, Comic)"
"1604733274869284864","https://x.com/datGestruepp/status/1604733274869284864",19.12.2022,"Ach und sie sind aus so einem echten Roman?","https://pbs.twimg.com/media/FbtsqU7X0AAPxCt.jpg","Hercule Poirot (Serie)"
"1605095655701065728","https://x.com/datGestruepp/status/1605095655701065728",20.12.2022,"Also sie haben schon tolle Musik gemacht.","https://pbs.twimg.com/media/FhBoLHYWIAErl7b.jpg","Mozart"
"1605458050017505282","https://x.com/datGestruepp/status/1605458050017505282",21.12.2022,"Na du?","https://pbs.twimg.com/media/FbttCBhWYAElV1e.jpg","Spyro (Game)"
"1605820431604142081","https://x.com/datGestruepp/status/1605820431604142081",22.12.2022,"Ach, und sie erklären mir jetzt wie das alles funktioniert? Toll!","https://pbs.twimg.com/media/FbttJUnXEAE3ePK.jpg","Der Tutorial-Polizist aus Harveys neue Augen (Game)"
"1606182820400877568","https://x.com/datGestruepp/status/1606182820400877568",23.12.2022,"Guten Morgen. Du hast da was im Haar.","https://pbs.twimg.com/media/FccEOPxWYAAi_BW.jpg","Amphibia (Serie)"
"1606545208220401664","https://x.com/datGestruepp/status/1606545208220401664",24.12.2022,"Guten morgen und einen schönen Weihnachtstag!","https://pbs.twimg.com/media/FccEd_OWIAAB_S5.jpg","Im Kaffee hängt eine Zuckerstange. Strüppi und Pupsbiene"
"1606907723999842305","https://x.com/datGestruepp/status/1606907723999842305",25.12.2022,"Na? Wie findest du Weihnachten?","https://pbs.twimg.com/media/FccE5cUWIAEHHfo.jpg","Sniff von den Mumins (Serie, Buch)"
"1607269985449123841","https://x.com/datGestruepp/status/1607269985449123841",26.12.2022,"Und was bist du jetzt?","https://pbs.twimg.com/media/FccFJhQXkAUfQ0s.jpg","Ein Schluppuck  (Pokemon, Serie, Game)"
"1607632496694272001","https://x.com/datGestruepp/status/1607632496694272001",27.12.2022,"Na? Schon ein Picknick geangelt?","https://pbs.twimg.com/media/FccFZ3lXoAE6J_y.jpg","Yogi Bär (Buch, Serie)"
"1607994890423525377","https://x.com/datGestruepp/status/1607994890423525377",28.12.2022,"Aha, und du versuchst im das immer aus zu reden mit dem klauen? Man kann ja auch einfach Fragen oder?","https://pbs.twimg.com/media/FccFkvkXwAEUCP3.jpg","Boo Boo (von Yogi Bär, Serie, Buch)"
"1608357274782777348","https://x.com/datGestruepp/status/1608357274782777348",29.12.2022,"Hübsche Haarfarbe!","https://pbs.twimg.com/media/FccF2DIWYAEvOUQ.jpg","Hilda (Serie)"
"1608719663281672193","https://x.com/datGestruepp/status/1608719663281672193",30.12.2022,"Na? Dich hab ich ja schon ewig nicht mehr gesehen!","https://pbs.twimg.com/media/FccF_y5X0AAQebJ.jpg","Scooby-Doo (Serie)"
"1609081922331844609","https://x.com/datGestruepp/status/1609081922331844609",31.12.2022,"Kommt gut ins neue Jahr!","https://pbs.twimg.com/media/FccGMZhWQAAOi8a.jpg","Strüppi und Pinguin bestaunen das Feuerwerk, das aus der Kaffeetasse kommt."
"1609444440699011073","https://x.com/datGestruepp/status/1609444440699011073",01.01.2023,"Jaaa, ich hätte auch etwas Angst vor dem neuen Jahr. Schauen wir mal was das wird. Vielleicht entpuppt es sich als jemand ganz anderes!","https://pbs.twimg.com/media/FccGbMPXwAEZ1MH.jpg","Shaggy Rogers (Scooby-Doo, Serie)"
"1609806827000053762","https://x.com/datGestruepp/status/1609806827000053762",02.01.2023,"Hallo Nachbar.","https://pbs.twimg.com/media/FcrToFZXkAI7A4D.jpg","Dave (aus Pflanzen vs. Zombies, Game)"
"1610169085689577473","https://x.com/datGestruepp/status/1610169085689577473",03.01.2023,"Uh, und du machst auch mit bei der jagt nach Gespenstern? Wie aufregend!","https://pbs.twimg.com/media/FcrT90RXgAEWeFR.jpg","Daphne Blake (Scooby-Doo, Serie)"
"1610531602538369025","https://x.com/datGestruepp/status/1610531602538369025",04.01.2023,"Du siehst ja lustig aus.","https://pbs.twimg.com/media/FcrUNAYWQAEJIQh.jpg","Stinky (von den Mumins, Seire, Buch)"
"1610893989942624258","https://x.com/datGestruepp/status/1610893989942624258",05.01.2023,"Und du entlarvst die Bösewichte?","https://pbs.twimg.com/media/FcrUYopX0AA5Aps.jpg","Fred Jones (Scooby-Doo, Serie)"
"1611256252843032577","https://x.com/datGestruepp/status/1611256252843032577",06.01.2023,"Guten Morgen.","https://pbs.twimg.com/media/FcrUkdIXwAA-lpu.jpg","Seeper  (Pokemon, Serie, Game)"
"1611618637344915456","https://x.com/datGestruepp/status/1611618637344915456",07.01.2023,"Oh, in so kurzer Zeit einen ganzen Palast planen?","https://pbs.twimg.com/media/FcrUuX5WAAEa1VC.jpg","Numerobis (Asterix & Obelix, Fim, Comic)"
"1611860236201037825","https://x.com/datGestruepp/status/1611860236201037825",08.01.2023,"Wo ist meine Erbsenkanone?","https://pbs.twimg.com/media/FcrU8knXgAA2rmh.jpg","Zombie (aus Pflanzen vs. Zombies, Game)"
"1612343542793256960","https://x.com/datGestruepp/status/1612343542793256960",09.01.2023,"Uh! Du bist die, die immer nen guten Plan hat, richtig?","https://pbs.twimg.com/media/FcrVJlOXkAAHJkY.jpg","Velma Dinkley (Scooby-Doo, Serie)"
"1612705806058651655","https://x.com/datGestruepp/status/1612705806058651655",10.01.2023,"Oh! Dich hab ich noch vermisst!","https://pbs.twimg.com/media/FcrVYUeXEAEhjZP.jpg","Rabbit (aus Winnie Puuh, Serie, Buch)"
"1613068192414326784","https://x.com/datGestruepp/status/1613068192414326784",11.01.2023,"Oh.","https://pbs.twimg.com/media/FcrVjl8XwAAvWWz.jpg","Tingeltangel Bob (Die Simpsons, Serie)"
"1613430702472667139","https://x.com/datGestruepp/status/1613430702472667139",12.01.2023,"Guten Morgen.","https://pbs.twimg.com/media/FdPX9edWQAAsLfL.jpg","Archie Andrews (Buch)"
"1613793091642605568","https://x.com/datGestruepp/status/1613793091642605568",13.01.2023,"Oh. Und dann müssen Sie immer ihr eigenes Schiff versenken? Wie traurig.","https://pbs.twimg.com/media/FdPYLL2XgAEKc-0.jpg","Rotbart (Asterix & Obelix, Fim, Comic)"
"1614155353976864768","https://x.com/datGestruepp/status/1614155353976864768",14.01.2023,"Auch schon wach?","https://pbs.twimg.com/media/FdPYZIyWQAEfjLx.jpg","Brian Griffin (American Dad, Serie)"
"1614517867860426753","https://x.com/datGestruepp/status/1614517867860426753",15.01.2023,"Also, diese Hautfarbe sieht jetzt auch nicht sooo gut aus für einen Doctor.","https://pbs.twimg.com/media/FdPYie6WIAE7UGT.jpg","Dr. Fred Eddison (Maniac Mansion, Game)"
"1614880255637946370","https://x.com/datGestruepp/status/1614880255637946370",16.01.2023,"Können Sie mir auch so ein cooles Superheldenkostüm schneidern?","https://pbs.twimg.com/media/FdPYwTYXoAAorL5.jpg","Edna Mode (die unglaublichen, Film, Pixar)"
"1615242649287462915","https://x.com/datGestruepp/status/1615242649287462915",17.01.2023,"Und du lehrst jetzt den Wikinger das Fürchten oder wie war das?","https://pbs.twimg.com/media/FdPY_iyXwAE93kK.jpg","Grautvornix (Asterix & Obelix, Fim, Comic)"
"1615604904189464576","https://x.com/datGestruepp/status/1615604904189464576",18.01.2023,"Kakao? oder lieber Tee?","https://pbs.twimg.com/media/FdPZogrWYAAtAAd.jpg","Kiki Erpel (Darkwing Duck, Serie)"
"1615967423454232576","https://x.com/datGestruepp/status/1615967423454232576",19.01.2023,"Uhhh. Spitze Zähne.","https://pbs.twimg.com/media/FdPZydYXgAA7B-z.jpg","Marceline (aus Adventure Time)"
"1616329686199537666","https://x.com/datGestruepp/status/1616329686199537666",20.01.2023,"Tut mir leid, aber ich weiß wirklich nicht wer Sie sind.","https://pbs.twimg.com/media/FdPZ_UvX0AIJLKr.jpg","Mr. Magoo (Serie)"
"1616692067333177349","https://x.com/datGestruepp/status/1616692067333177349",21.01.2023,"Möchten Sie auch einen Schluck Milch in Ihr heißes Wasser?","https://pbs.twimg.com/media/FdPaIqUWIAInjF2.jpg","Teefax (Asterix & Obelix, Fim, Comic)"
"1617054461859446784","https://x.com/datGestruepp/status/1617054461859446784",22.01.2023,"Und ihr macht immer so Mörderisches Zeug? Ist ja gruselig.","https://pbs.twimg.com/media/FdPaX_eWAAAEhs2.jpg","Toothy (aus Happy Tree Friends)"
"1617416975386349571","https://x.com/datGestruepp/status/1617416975386349571",23.01.2023,"Hoppla, hier hab ich wohl einen #Kritzelkaffee vergessen zu zeichnen. Naja, dann gibt es eben einen Hasen, der aussieht, als wäre er in Kaffee gefallen. Schuldigung!","https://pbs.twimg.com/media/FfH54FFWQAAvJrr.jpg","Nur ein Hase."
"1617779360668291077","https://x.com/datGestruepp/status/1617779360668291077",24.01.2023,"Ganz schön blutig eure Geschichten.","https://pbs.twimg.com/media/FdbZ5YWX0AELZ7r.jpg","Cuddles (von Happy Tree Friends)"
"1618141624638312449","https://x.com/datGestruepp/status/1618141624638312449",25.01.2023,"Oha. Krasser Schnabel.","https://pbs.twimg.com/media/FdbaKxjWAAMrPnf.jpg","Eisenbeiß (Darkwing Duck, Serie)"
"1618504010192879618","https://x.com/datGestruepp/status/1618504010192879618",26.01.2023,"Guten Morgen. Und wer sind Sie noch mal?","https://pbs.twimg.com/media/FdbaTi0XkAArU_l.jpg","Groo the Wanderer (Comic, Cartoon)"
"1618866523476484097","https://x.com/datGestruepp/status/1618866523476484097",27.01.2023,"Ach, und Sie sind oft im Dschungel unterwegs?","https://pbs.twimg.com/media/Fdbaea-WAAIU0-r.jpg","Sabreman (Game)"
"1619228908498329602","https://x.com/datGestruepp/status/1619228908498329602",28.01.2023,"Hallo Bill!","https://pbs.twimg.com/media/FdpPD4lWQAAnfxa.jpg","Bill (aus Boule et Bill, Comic)"
"1619591173819047937","https://x.com/datGestruepp/status/1619591173819047937",29.01.2023,"Oh. Ein Geschäftsmann.","https://pbs.twimg.com/media/FdpPXHkX0AAqS_W.jpg","Hunson Abadeer (Adventure Time, Serie)"
"1619953558241026048","https://x.com/datGestruepp/status/1619953558241026048",30.01.2023,"Aha, ein Wiesel also. nett.","https://pbs.twimg.com/media/FdpPiu6WAAA3BnG.jpg","I.M. Weasel (Serie)"
"1620315947121664001","https://x.com/datGestruepp/status/1620315947121664001",31.01.2023,"Oh, guten Morgen!","https://pbs.twimg.com/media/FdpPsI7WYAEotQK.jpg","Morgana Makaber (Darkwing Duck, Serie)"
"1620678335037579265","https://x.com/datGestruepp/status/1620678335037579265",01.02.2023,"Sie sehen aus wie jemand, der gut Rätsel lösen kann.","https://pbs.twimg.com/media/FdpP0xWXwAEVbnw.jpg","Nick Knatterton (Serie, Comic)"
"1621040726975946754","https://x.com/datGestruepp/status/1621040726975946754",02.02.2023,"Komischer roter Typ.","https://pbs.twimg.com/media/FdpQAtSWQAgkhf1.jpg","Red Guy (Cow & Chicken, Serie)"
"1621403115722539010","https://x.com/datGestruepp/status/1621403115722539010",03.02.2023,"Ich hab aber keine Lust auf Schule!","https://pbs.twimg.com/media/FdpQ05FWIAIlU_k.jpg","Edna Krababbel (die Simpsons, Serie)"
"1621765505253257219","https://x.com/datGestruepp/status/1621765505253257219",04.02.2023,"Awww. Wie niedlich!","https://pbs.twimg.com/media/FdzpxFvWYAAPM7z.jpg","Raupy  (Pokemon, Serie, Game)"
"1622127891872899072","https://x.com/datGestruepp/status/1622127891872899072",05.02.2023,"Guten Morgen! Na? Tee oder Kakao?","https://pbs.twimg.com/media/FdzrGqhXkAEP3qf.jpg","Blossom (Power Puff Girls, Serie)"
"1622490273459712000","https://x.com/datGestruepp/status/1622490273459712000",06.02.2023,"Ach, und hast du auch Superkräfte und so?","https://pbs.twimg.com/media/FdzrScaWAAA_Epc.jpg","Underdog (Serie, Comic)"
"1622852664391507970","https://x.com/datGestruepp/status/1622852664391507970",07.02.2023,"Das ist aber eine hübsche Schleife.","https://pbs.twimg.com/media/Fdzre6VXEAAwbDV.jpg","Toulouse (Aristocats, Film, Disney)"
"1623215054048075776","https://x.com/datGestruepp/status/1623215054048075776",08.02.2023,"Und was bist du?","https://pbs.twimg.com/media/Fdzrq7BWAAAS8z_.jpg","Gumby (Serie, Werbefigur)"
"1623577440818692100","https://x.com/datGestruepp/status/1623577440818692100",09.02.2023,"Ach guck. Deine Schwester war auch schon da.","https://pbs.twimg.com/media/FdzrzzuXoAI-U8G.jpg","Buttercup (Power Puff Girls, Serie)"
"1623939828172857351","https://x.com/datGestruepp/status/1623939828172857351",10.02.2023,"Guten Morgen!","https://pbs.twimg.com/media/FdzsAqJXwAAig43.jpg","Astro (Hund von den Jetsons, Serie)"
"1624302215102857217","https://x.com/datGestruepp/status/1624302215102857217",11.02.2023,"Na du?","https://pbs.twimg.com/media/FdzsLNXWIAE__BT.jpg","Berlioz (Aristocats, Film, Disney)"
"1624664601429434369","https://x.com/datGestruepp/status/1624664601429434369",12.02.2023,"Guten Morgen!","https://pbs.twimg.com/media/FeNMk17XkAAw4qL.jpg","Chaneira  (Pokemon, Serie, Game)"
"1625026993560473603","https://x.com/datGestruepp/status/1625026993560473603",13.02.2023,"Was bist du denn für ein Hund?","https://pbs.twimg.com/media/FeNMzbWWAAUwDC0.jpg","Courage the Cowardly Dog (Serie)"
"1625389376095256577","https://x.com/datGestruepp/status/1625389376095256577",14.02.2023,"Und Sie sind Doktor?","https://pbs.twimg.com/media/FeNNCNGXwAIMGkr.jpg","Dr. Heinz Doofenshmirtz (Phineas & Ferb, Serie)"
"1625751767828025345","https://x.com/datGestruepp/status/1625751767828025345",15.02.2023,"Oha!","https://pbs.twimg.com/media/FeNNNsiWIAAYUKy.jpg","Rettan  (Pokemon, Serie, Game)"
"1626114158017097729","https://x.com/datGestruepp/status/1626114158017097729",16.02.2023,"Ach, und Sie machen gerne Pudding, so so.","https://pbs.twimg.com/media/FeNNUTLXoAUMLPS.jpg","Pyradonis (Asterix & Obelix, Fim, Comic)"
