TwitterID,TwitterLink,Datum,TweetText,BildLink,Bild,Name
1249215673059831808,https://twitter.com/datGestruepp/status/1249215673059831808,12.04.2020,"Irgendwas mit Universum aha. #kritzelkaffee",http://pbs.twimg.com/media/EUhineZWkAU2M0H.jpg,,Steven Quartz Universe
1248853285479432192,https://twitter.com/datGestruepp/status/1248853285479432192,11.04.2020,"Sch√∂n dich auch mal kennen zu lernen. #kritzelkaffee",http://pbs.twimg.com/media/EUIqjLGWkAEgfMn.jpg,,Der vierte Doktor (Dr. Who)
1248490899119714304,https://twitter.com/datGestruepp/status/1248490899119714304,10.04.2020,"Wohin? #kritzelkaffee",http://pbs.twimg.com/media/EUIqIftWkAAGqLB.jpg,,Woingenau (Pokemon)
1248128509580423171,https://twitter.com/datGestruepp/status/1248128509580423171,09.04.2020,"Ach so. Ja klar. Logisch. #kritzelkaffee",http://pbs.twimg.com/media/EUIpirFX0AAs3IE.jpg,,GLaDOS (Portal)
1247766120716615680,https://twitter.com/datGestruepp/status/1247766120716615680,08.04.2020,"√Ñhm.... #kritzelkaffee",http://pbs.twimg.com/media/ET-bgZ7X0AQYcLI.jpg,,Pyramid Head (Silent Hill)
1247403733597728769,https://twitter.com/datGestruepp/status/1247403733597728769,07.04.2020,"Hallo Gromit! #kritzelkaffee",http://pbs.twimg.com/media/ET-bJHuWoAIif_E.jpg,,Gromit
1246678956998303745,https://twitter.com/datGestruepp/status/1246678956998303745,05.04.2020,"Cracker und K√§se mag ich auch voll gern! #kritzelkaffee",http://pbs.twimg.com/media/ETuzM_5WoAAfaPT.jpg,,Wallace
1246316570512486401,https://twitter.com/datGestruepp/status/1246316570512486401,04.04.2020,"Sie sind ein K√∂nig? #kritzelkaffee",http://pbs.twimg.com/media/ETuykufWsAMuCXH.jpg,,Kuzco (Ein K√∂nigreich f√ºr ein Lama)
1245954181325864961,https://twitter.com/datGestruepp/status/1245954181325864961,03.04.2020,"Nawww! #kritzelkaffee",http://pbs.twimg.com/media/ETux3LNWsAENJ6R.jpg,,Togepi (Pokemon)
1245591793690791940,https://twitter.com/datGestruepp/status/1245591793690791940,02.04.2020,"Und du bist jetz eine Rau... ne Wurm? H√§? #kritzelkaffee",http://pbs.twimg.com/media/ETbFJvIXsAERsN1.jpg,,Der Wurm aus Die Reise ins Labyrinth
1245229405653344256,https://twitter.com/datGestruepp/status/1245229405653344256,01.04.2020,"Huh! #kritzelkaffee",http://pbs.twimg.com/media/ETbEoOLXgAISI6L.jpg,,Bauz (Pokemon)
1244867017762635786,https://twitter.com/datGestruepp/status/1244867017762635786,31.03.2020,"Guten Tag Her Doktor! #Kritzelkaffee",http://pbs.twimg.com/media/EUYHb9YXYAAfTxs.jpg,,Doctor Snuggles
1244504632149151744,https://twitter.com/datGestruepp/status/1244504632149151744,30.03.2020,"Awwww! #kritzelkaffee",http://pbs.twimg.com/media/ETStcOuXYAAIPFQ.jpg,,Elroy Jetson (Die Jetsons)
1244142242983489536,https://twitter.com/datGestruepp/status/1244142242983489536,29.03.2020,"√Ñhm... hallo. Bitte nicht so schnell am Morgen! #kritzelkaffee",http://pbs.twimg.com/media/ETStA8bWAAAD31P.jpg,,Sonic The Hedgehog
1243794954708815872,https://twitter.com/datGestruepp/status/1243794954708815872,28.03.2020,"Guten Morgen! #kritzelkaffee",http://pbs.twimg.com/media/ETSspFsX0AE3VkU.jpg,,Papa Wutz
1243432566398406656,https://twitter.com/datGestruepp/status/1243432566398406656,27.03.2020,"Nawwww. #kritzelkaffee",http://pbs.twimg.com/media/ES5jzqVXYAAC6tm.jpg,,Protagonist the longing
1243070179732606976,https://twitter.com/datGestruepp/status/1243070179732606976,26.03.2020,"Ach hallo! #kritzelkaffee",http://pbs.twimg.com/media/ES5jLbIWsAE83bj.jpg,,Jim Knopf
1242707791070015488,https://twitter.com/datGestruepp/status/1242707791070015488,25.03.2020,"Guten Morgen! #kritzelkaffee",http://pbs.twimg.com/media/ES3Xa5sU4AMW1sC.jpg,,Luigi
1242345402185154560,https://twitter.com/datGestruepp/status/1242345402185154560,24.03.2020,"Och! Wer bist du denn? #kritzelkaffee",http://pbs.twimg.com/media/ES3XDpFVAAcKCLW.jpg,,Mooncake (Final Space)
1241983015502348289,https://twitter.com/datGestruepp/status/1241983015502348289,23.03.2020,"Ach hallo! #kritzelkaffee",http://pbs.twimg.com/media/ESs0rbZXkAIxs5G.jpg,,Mega Man
1241620626999095297,https://twitter.com/datGestruepp/status/1241620626999095297,22.03.2020,"Huch! #kritzelkaffee",http://pbs.twimg.com/media/ESs0LbKXsAEGwgT.jpg,,Sandwurm (Beetlejuice)
1241258239171256321,https://twitter.com/datGestruepp/status/1241258239171256321,21.03.2020,"Ach und sie sind die Braut von √§√§hm... #kritzelkaffee",http://pbs.twimg.com/media/ESszLlzWAAE6mOS.jpg,,Frankensteins Braut
1240533463482208256,https://twitter.com/datGestruepp/status/1240533463482208256,19.03.2020,"Dich kenn ich! #kritzelkaffee",http://pbs.twimg.com/media/ESsx1hcWoAU6RcJ.jpg,,Barney Ger√∂llheimer (Familie Feuerstein)
1240171075075551232,https://twitter.com/datGestruepp/status/1240171075075551232,18.03.2020,"Hey! Du kannst doch auch so toll tanzen! #kritzelkaffee",http://pbs.twimg.com/media/ESa9T7WWkAAIzre.jpg,,Pixelskelett von AndiDev
1239808688531136514,https://twitter.com/datGestruepp/status/1239808688531136514,17.03.2020,"Naaaaaaaa? #kritzelkaffee",http://pbs.twimg.com/media/ESH8HgoWkAEWUGs.jpg,,Fortnite Lama
1239446299243667456,https://twitter.com/datGestruepp/status/1239446299243667456,16.03.2020,"Hey Capitain... wie sieht den die Future so aus... mit uns. #kritzelkaffee",http://pbs.twimg.com/media/ESH7oTsW4AU6B9c.jpg,,Captain Future
1239083911642329088,https://twitter.com/datGestruepp/status/1239083911642329088,15.03.2020,"Das ist doch eindeutig ein Tatort!! Das sieht man doch!! #kritzelkaffee",http://pbs.twimg.com/media/ES0v-pyXgAEk0X7.jpg,,Tatort Reiniger
1238721524632367105,https://twitter.com/datGestruepp/status/1238721524632367105,14.03.2020,"Guten Morgen! #kritzelkaffee",http://pbs.twimg.com/media/ER3MWIJXkAAydGM.jpg,,Ultrigaria (Pokemon)
1238359135931912192,https://twitter.com/datGestruepp/status/1238359135931912192,13.03.2020,"Mein Kaffee brennt. #kritzelkaffee",http://pbs.twimg.com/media/ER3MBT4WAAc4nau.jpg,,Carrie
1237996748565512195,https://twitter.com/datGestruepp/status/1237996748565512195,12.03.2020,"Eckaaaaaaaaahhhhrd!!! #kritzelkaffee",http://pbs.twimg.com/media/ER3LuD4XYAMUhKd.jpg,,Walter R√∂hrich (Werner)
1237634359873568769,https://twitter.com/datGestruepp/status/1237634359873568769,11.03.2020,"BRZZZLLL! #Kritzelkaffee",http://pbs.twimg.com/media/ERkqXTEXYAEaqLl.jpg,,Voltobal (Pokemon)
1237271972125585409,https://twitter.com/datGestruepp/status/1237271972125585409,10.03.2020,"KADSE! ‚ù§Ô∏è #kritzelkaffee",http://pbs.twimg.com/media/ERkqEXtWkAMpCT2.jpg,,Marie (Aristocats)
1236909584750698499,https://twitter.com/datGestruepp/status/1236909584750698499,09.03.2020,"Boah! Toll! #kritzelkaffee",http://pbs.twimg.com/media/ERfryQ_X0AAQE0-.jpg,,Matilda
1236547198382264321,https://twitter.com/datGestruepp/status/1236547198382264321,08.03.2020,"Awwww! #kritzelkaffee",http://pbs.twimg.com/media/ERI30N1XkAACf53.jpg,,Bluzuk (Pokemon)
1236184810030346241,https://twitter.com/datGestruepp/status/1236184810030346241,07.03.2020,"Ach du bist auch so ein Weltherrschaftstyp richtig? #kritzelkaffee",http://pbs.twimg.com/media/ERI3Z58XYAE5ka9.jpg,,Plankton (aus Spongebob)
1235822420881051648,https://twitter.com/datGestruepp/status/1235822420881051648,06.03.2020,"Und was sagt jetzt mein Kaffeesatz Professor? #kritzelkaffee",http://pbs.twimg.com/media/ERGDDZyWkAAO5n2.jpg,,Professor Trelawny (Harry Potter)
1235460032701108224,https://twitter.com/datGestruepp/status/1235460032701108224,05.03.2020,"Guten Morgen! #kritzelkaffee",http://pbs.twimg.com/media/ERGCyYQX0AAYMOL.jpg,,Tim und Struppi
1235097644885848064,https://twitter.com/datGestruepp/status/1235097644885848064,04.03.2020,"Also... sie sind jetzt ne Frau im Ganzk√∂rperlederlackkost√ºm... Aha. #kritzelkaffee",http://pbs.twimg.com/media/EQ7echMXkAEVyue.jpg,,Cat Woman
1234659759447347200,https://twitter.com/datGestruepp/status/1234659759447347200,03.03.2020,"Mmppffmmfffp! Aha! Hm. Ja. Verstehe. #kritzelkaffee",http://pbs.twimg.com/media/EQm7rDpXUAEF4iN.jpg,,Kenny (South Park)
1234372869880041478,https://twitter.com/datGestruepp/status/1234372869880041478,02.03.2020,"Ich bin sehr gern dein Gast! #kritzelkaffee",http://pbs.twimg.com/media/EQm7O7FWkAICoND.jpg,,Lumiere (Die Sch√∂ne und das Biest)
1234010481842626561,https://twitter.com/datGestruepp/status/1234010481842626561,01.03.2020,"Huch! #kritzelkaffee",http://pbs.twimg.com/media/EQmbfTfX0AARZnl.jpg,,Ickis (Aaahh!!! Monster)
1233648093742030848,https://twitter.com/datGestruepp/status/1233648093742030848,29.02.2020,"Ach Samson! Wie sch√∂n! #kritzelkaffee",http://pbs.twimg.com/media/EQmbG9gXUAAEdQ5.jpg,,Samson (Sesamstra√üe)
1233285706828648448,https://twitter.com/datGestruepp/status/1233285706828648448,28.02.2020,"Ihr drei erlebt echt viel oder? #kritzelkaffee",http://pbs.twimg.com/media/EQWk7b6XUAAmkrC.jpg,,Abrax (Abrafaxe)
1232923319223115776,https://twitter.com/datGestruepp/status/1232923319223115776,27.02.2020,"√ñmm... #kritzelkaffee",http://pbs.twimg.com/media/EQWkoY1XsAEis6x.jpg,,Joker
1232560929767854081,https://twitter.com/datGestruepp/status/1232560929767854081,26.02.2020,"Gnihihi. #kritzelkaffee",http://pbs.twimg.com/media/EQWkUA-WkAY-yy9.jpg,,Milka Kuh
1232198543164600322,https://twitter.com/datGestruepp/status/1232198543164600322,25.02.2020,"Ach wie nett! #kritzelkaffee",http://pbs.twimg.com/media/EQWjw51WkAAB1_Y.jpg,,Babrax (Abrafaxe)
1231836155190169602,https://twitter.com/datGestruepp/status/1231836155190169602,24.02.2020,"√Ñhm... ist das normal? #kritzelkaffee",http://pbs.twimg.com/media/EQVVHH4XYAAKWjE.jpg,,Chewie (Captain Marvel's Katze/Flerken)
1231473767139819522,https://twitter.com/datGestruepp/status/1231473767139819522,23.02.2020,"Wie sch√∂n dich zu sehen! #kritzelkaffee",http://pbs.twimg.com/media/EQVUoh4WsAEKwJw.jpg,,Gali von Andromeda (Hallo Spencer)
1231111378372583424,https://twitter.com/datGestruepp/status/1231111378372583424,22.02.2020,"Aber warum?? #kritzelkaffee",http://pbs.twimg.com/media/EQVUVohW4AAkwEe.jpg,,Itchy (Simpsons)
1230748991782105088,https://twitter.com/datGestruepp/status/1230748991782105088,21.02.2020,"Nawwww!  #kritzelkaffee",http://pbs.twimg.com/media/EQNl2L3XkAIAmG0.jpg,,Califax (Abrafaxe)
1230386603648004097,https://twitter.com/datGestruepp/status/1230386603648004097,20.02.2020,"H√ºbsche Bl√ºmchen! #kritzelkaffee",http://pbs.twimg.com/media/EQCo5NxWoAAAtZl.jpg,,Barbamama (Barbapapa)
1230024214729523203,https://twitter.com/datGestruepp/status/1230024214729523203,19.02.2020,"NICHT BLINZELN!! #kritzelkaffee",http://pbs.twimg.com/media/EQCodvdUcAAgwAc.jpg,,Weinender Engel (Doctor Who)
1229661827417571329,https://twitter.com/datGestruepp/status/1229661827417571329,18.02.2020,"3-Wetter-Taft? #kritzelkaffee",http://pbs.twimg.com/media/EQCoKM_WsAsVk9e.jpg,,Johnny Bravo
1229299439392772097,https://twitter.com/datGestruepp/status/1229299439392772097,17.02.2020,"Aber mein Papa ist doch gar kein Au√üerirdischer! #kritzelkaffee",http://pbs.twimg.com/media/EPyXZ4PXUAY_aoz.jpg,,Kommunikationsw√ºrfel aus 'Mein Vater ist ein Au√üerirdischer'
1228937051178881026,https://twitter.com/datGestruepp/status/1228937051178881026,16.02.2020,"Was gibt‚Äôs denn heute? #kritzelkaffee",http://pbs.twimg.com/media/EPyWza3X0AAm0zo.jpg,,Der d√§nische Koch (Muppet Show)
1228574664089317376,https://twitter.com/datGestruepp/status/1228574664089317376,15.02.2020,"√ñmmm...  #kritzelkaffee",http://pbs.twimg.com/media/EPyWZ1LWAAAzYap.jpg,,Gumba (Super Mario)
1228212276672397312,https://twitter.com/datGestruepp/status/1228212276672397312,14.02.2020,"Ach. Tag die Dame. #kritzelkaffee",http://pbs.twimg.com/media/EPs43FAWkAAClzs.jpg,,Betty Boop
1227849887703650304,https://twitter.com/datGestruepp/status/1227849887703650304,13.02.2020,"Ich hab nix gemacht! #kritzelkaffee",http://pbs.twimg.com/media/EPs4mPtWkAAyTqU.jpg,,Rick (Rick and Morty)
1227487500459003904,https://twitter.com/datGestruepp/status/1227487500459003904,12.02.2020,"H√º√º√º√º√º√º√ºh√ºpf! #kritzelkaffee",http://pbs.twimg.com/media/EPeW8wwWAAMcKJN.jpg,,Flipp (Biene Maja) 
1227125113612619778,https://twitter.com/datGestruepp/status/1227125113612619778,11.02.2020,"Nun ja. #kritzelkaffee",http://pbs.twimg.com/media/EPeWiy-WkAQ3zIa.jpg,,Der Struwwelpeter
1226762724496986112,https://twitter.com/datGestruepp/status/1226762724496986112,10.02.2020,"Da ist ein Fragezeichen in meinem Kaffee! #kritzelkaffee",http://pbs.twimg.com/media/EPeWJB2WAAAWTBz.jpg,,Die drei ???
1226400337096896512,https://twitter.com/datGestruepp/status/1226400337096896512,09.02.2020,"Ach. Rasiere war damals noch nicht so oder? #kritzelkaffee",http://pbs.twimg.com/media/EPcSm6-X0AEgO1l.jpg,,Captain Caveman
1226037949709479937,https://twitter.com/datGestruepp/status/1226037949709479937,08.02.2020,"Ich wollte immer so sein wie du! So voll schlau und so!  #kritzelkaffee",http://pbs.twimg.com/media/EPcSJtlWsAAxHOf.jpg,,Sailor Merkur (Sailor Moon)
1225675561382686721,https://twitter.com/datGestruepp/status/1225675561382686721,07.02.2020,"Ja, ich war auch etwas zu lange wach in der Nacht. #kritzelkaffee",http://pbs.twimg.com/media/EPT-hL7X4AIlUiK.jpg,,Wilson (Don't Starve)
1225313173491736576,https://twitter.com/datGestruepp/status/1225313173491736576,06.02.2020,"Kimba. Ach so. #kritzelkaffee",http://pbs.twimg.com/media/EPT9-4UXsAES-3O.jpg,,"Kimba, der wei√üe L√∂we"
1224950784892125186,https://twitter.com/datGestruepp/status/1224950784892125186,05.02.2020,"Huch!  #kritzelkaffee",http://pbs.twimg.com/media/EPSRUYlWkAAR7ik.jpg,,Kettenhund (Mario)
1224588397353762816,https://twitter.com/datGestruepp/status/1224588397353762816,04.02.2020,"Diese Dinge kann man nicht zusammen benutzen! #kritzelkaffee",http://pbs.twimg.com/media/EPSQ3lQW4AAlW_N.jpg,,Sam (LucasArts das Adventure Sam & Max Hit the Road)
1224226009517416448,https://twitter.com/datGestruepp/status/1224226009517416448,03.02.2020,"Warum so grummelig! #kritzelkaffee",http://pbs.twimg.com/media/EO6XiXqWAAA_UAx.jpg,,Professor Hubert Farnsworth (Futurama)
1223863621882654721,https://twitter.com/datGestruepp/status/1223863621882654721,02.02.2020,"Miep miep miep! #kritzelkaffee",http://pbs.twimg.com/media/EO6XJ0uW4AE0-Z2.jpg,,Roadrunner (Looney Tunes)
1223501234444759040,https://twitter.com/datGestruepp/status/1223501234444759040,01.02.2020,"Aaaaaaaaaaah! #kritzelkaffee",http://pbs.twimg.com/media/EO4WnQHWAAEShev.jpg,,Facehugger (Alien)
1223138845278916608,https://twitter.com/datGestruepp/status/1223138845278916608,31.01.2020,"Na toll! *piiiep* Ohrwurm! #kritzelkaffee",http://pbs.twimg.com/media/EO4WJc7W4AEMskh.jpg,,Bob der Baumeister
1222776457795121153,https://twitter.com/datGestruepp/status/1222776457795121153,30.01.2020,"H√§? Ich dachte sie sind so ein Gamer? Nicht? #kritzelkaffee",http://pbs.twimg.com/media/EOg2IDLX4AI49ah.jpg,,Peter Griffin (Family Guy)
1222414070533349376,https://twitter.com/datGestruepp/status/1222414070533349376,29.01.2020,"Wiiiiilsoooooooon!! #kritzelkaffee",http://pbs.twimg.com/media/EOg1wu4X4AYo863.jpg,,WILSON!!!! (Cast Away)
1222051681698902017,https://twitter.com/datGestruepp/status/1222051681698902017,28.01.2020,"Tag der Herr. #kritzelkaffee",http://pbs.twimg.com/media/EOg1bxvXkAAX3ik.jpg,,Mr. Potato Head (Toy Story)
1221689295909597184,https://twitter.com/datGestruepp/status/1221689295909597184,27.01.2020,"Dich wollte ich schon immer mal treffen! #kritzelkaffee",http://pbs.twimg.com/media/EOWIIdYX0AAT4NB.jpg,,Finchen (Sesamstra√üe)
1221326906760617984,https://twitter.com/datGestruepp/status/1221326906760617984,26.01.2020,"Awwwwwww! Soooo klein! #kritzelkaffee",http://pbs.twimg.com/media/EOWHgnuX4AYgUmS.jpg,,Baby Yoda
1220964518840492033,https://twitter.com/datGestruepp/status/1220964518840492033,25.01.2020,"Peace! #kritzelkaffee",http://pbs.twimg.com/media/EOWGidbW4AIEhJZ.jpg,,John Lennon
1220602130844676096,https://twitter.com/datGestruepp/status/1220602130844676096,24.01.2020,"Ich m√∂chte gern was bestellen! Gnihihihi! #kritzelkaffee",http://pbs.twimg.com/media/EOWFoX8WsAItl9W.jpg,,Thaddeus Tentakel (Spongebob)
1220239744036065280,https://twitter.com/datGestruepp/status/1220239744036065280,23.01.2020,"Ewwwww! #kritzelkaffee",http://pbs.twimg.com/media/EOOQaG3XkAYA48_.jpg,,Ditto (Pokemon)
1219877355428237312,https://twitter.com/datGestruepp/status/1219877355428237312,22.01.2020,"Haben sie nicht sonst noch ne Leiter oder so? Oder Farbe? #kritzelkaffee",http://pbs.twimg.com/media/EOOPznXW4AAl92v.jpg,,Little Man (Pink Panther)
1219514968174989312,https://twitter.com/datGestruepp/status/1219514968174989312,21.01.2020,"Noot noot! #kritzelkaffee",http://pbs.twimg.com/media/EOOPfjBX0AAYVAT.jpg,,Pingu
1219152579797700608,https://twitter.com/datGestruepp/status/1219152579797700608,20.01.2020,"Guten Morgen Herr Tau! Darf ich sie so nennen? #kritzelkaffee",http://pbs.twimg.com/media/EOF-FNFWsAInSIs.jpg,,Pan Tau
1218790190992498690,https://twitter.com/datGestruepp/status/1218790190992498690,19.01.2020,"Ach! Na? #kritzelkaffee",http://pbs.twimg.com/media/EOF80jaWoAAJQld.jpg,,Luna Lovegood (Harry Potter
1218427803277807617,https://twitter.com/datGestruepp/status/1218427803277807617,18.01.2020,"H√ºlff√§?! #kritzelkaffee",http://pbs.twimg.com/media/EOF8bUoX4AAcbAw.jpg,,Tribbles (Star Trek)
1218065415261212674,https://twitter.com/datGestruepp/status/1218065415261212674,17.01.2020,"Was bist du denn? #kritzelkaffee",http://pbs.twimg.com/media/EN8UQ8HWAAIPnt2.jpg,,Nibbler (Futurama)
1217703028993581057,https://twitter.com/datGestruepp/status/1217703028993581057,16.01.2020,"Also dieses Glitzern sieht nicht so gesund aus! #kritzelkaffee",http://pbs.twimg.com/media/EN8T2AHX0AAJ9me.jpg,,Edward (twilight) 
1217340640092135430,https://twitter.com/datGestruepp/status/1217340640092135430,15.01.2020,"Ja... √§hmmm... Tag auch. #kritzelkaffee",http://pbs.twimg.com/media/ENyFj5hW4AEFx3U.jpg,,Die Braut / Black Mamba / Kiddo (Kill Bill)
1216978252893319168,https://twitter.com/datGestruepp/status/1216978252893319168,14.01.2020,"Danke ich m√∂chte mich nicht in irgendetwas verwandeln. #kritzelkaffee",http://pbs.twimg.com/media/ENyFQ12WwAA3fqG.jpg,,Merlin (Die Hexe und der Zauberer)
1216615865715552256,https://twitter.com/datGestruepp/status/1216615865715552256,13.01.2020,"Ich hatte kurz Sorge du wirfst ihn mit dem Volleyball ab. #kritzelkaffee",http://pbs.twimg.com/media/ENyE21sXYAEPI8z.jpg,,Mila Superstar
1216253476533084160,https://twitter.com/datGestruepp/status/1216253476533084160,12.01.2020,"Heeeey, man kann jederzeit noch Zucker oder Milch rein machen! Ganz wie du willst! #kritzelkaffee",http://pbs.twimg.com/media/ENyEbX6WwAE1vYo.jpg,,Wut (Alles steht Kopf)
1215891088617041921,https://twitter.com/datGestruepp/status/1215891088617041921,11.01.2020,"Och. Wie knuffig. Ja ja, d√ºdel√ºd und so! #kritzelkaffee",http://pbs.twimg.com/media/ENnzcSXXkAAUbNo.jpg,,BB-8 (Star Wars)
1215528701431111682,https://twitter.com/datGestruepp/status/1215528701431111682,10.01.2020,"Oh. Engl√§nder? #kritzelkaffee",http://pbs.twimg.com/media/ENnr8mPXsAElPe7.jpg,,Paddington
1215166313783427072,https://twitter.com/datGestruepp/status/1215166313783427072,09.01.2020,"Ist das nicht ein bisschen kalt? Um die Jahreszeit? #kritzelkaffee",http://pbs.twimg.com/media/ENiZLehXUAELVUC.jpg,,Kim Possible
1214803924646936576,https://twitter.com/datGestruepp/status/1214803924646936576,08.01.2020,"Und was machen sie so? #kritzelkaffee",http://pbs.twimg.com/media/ENd5gidU4AA5SUU.jpg,, Stan S. Stanman (Monkey Island)
1214441536621953025,https://twitter.com/datGestruepp/status/1214441536621953025,07.01.2020,"Awww! #kritzelkaffee",http://pbs.twimg.com/media/ENd5LXYXYAEXoWt.jpg,,WALL-E
1214079149209313280,https://twitter.com/datGestruepp/status/1214079149209313280,06.01.2020,"Ui! Und jetzt darf ich mir was w√ºnschen? Oder muss ich bis zum Samstag warten? #kritzelkaffee",http://pbs.twimg.com/media/ENNlP8_XkAE95Nv.jpg,,Das Sams
1213716761809489920,https://twitter.com/datGestruepp/status/1213716761809489920,05.01.2020,"Ach, hallo, √Ñhm... Tick Tack vielleicht? #kritzelkaffee",http://pbs.twimg.com/media/ENNjhcPW4AA4dG3.jpg,,LeChuck (Monkey Island)
1213354373612474368,https://twitter.com/datGestruepp/status/1213354373612474368,04.01.2020,"Aber, aber, aber ich bin doch gar nicht aus Wolle!! #kritzelkaffee",http://pbs.twimg.com/media/EM-y3ZqXsAEQ9s1.jpg,,Bobbin Treadbare (Loom Spiel von 1990)
1212991985814003712,https://twitter.com/datGestruepp/status/1212991985814003712,03.01.2020,"Und kann der L√∂ffel irgendwas? #kritzelkaffee",http://pbs.twimg.com/media/EM-ygwxXkAEGM4F.jpg,,Frau Pfeffertopf
1212629598913085440,https://twitter.com/datGestruepp/status/1212629598913085440,02.01.2020,"Hallo! Schicke Frisur! #kritzelkaffee",http://pbs.twimg.com/media/EM34pQsWkAAbHnV.jpg,,Red Fraggle (Die Fraggles)
1212267209998905344,https://twitter.com/datGestruepp/status/1212267209998905344,01.01.2020,"Wer sind sie? Und warum haben Sie Plastik auf dem Kopf? #kritzelkaffee",http://pbs.twimg.com/media/EMqQg6hX0AEkVWS.jpg,,Jean-Baptiste Emanuel Zorg (Das f√ºnfte Element)
1211904821751689217,https://twitter.com/datGestruepp/status/1211904821751689217,31.12.2019,"Sind sie nicht etwas zu jung f√ºr Miss Sophie? Jaja, so ein Pinselstrich macht j√ºnger.  #kritzelkaffee",http://pbs.twimg.com/media/EMqPTYcXUAEdD_c.jpg,,James (Dinner for one)
1211542435861417984,https://twitter.com/datGestruepp/status/1211542435861417984,30.12.2019,"Ich hab keinen Kristall! #kritzelkaffee",http://pbs.twimg.com/media/EMqO_WMW4AY19St.jpg,,Skeks (Der dunkle Kristall)
1211180046544777216,https://twitter.com/datGestruepp/status/1211180046544777216,29.12.2019,"K√∂nnen sie meine Tasse verzaubern, das die immer warm bleibt? #kritzelkaffee",http://pbs.twimg.com/media/EMn9RHTXsAAEvrI.jpg,,Madam Mim (Die Hexe und der Zauberer)
1210817657823518722,https://twitter.com/datGestruepp/status/1210817657823518722,28.12.2019,"Oha. Etwas zu viel Kaffee gehabt? #kritzelkaffee",http://pbs.twimg.com/media/EMaHlrAWkAExGip.jpg,,Bugs Bunny
1210455269999644674,https://twitter.com/datGestruepp/status/1210455269999644674,27.12.2019,"Glaauuubeeee miiiiiir.... #kritzelkaffee",http://pbs.twimg.com/media/EMaHQ9dXUAEfv4z.jpg,,Kaa (Dschungelbuch)
1210092883455275008,https://twitter.com/datGestruepp/status/1210092883455275008,26.12.2019,"Ist der Lippenstift echt? Toll! #kritzelkaffee",http://pbs.twimg.com/media/EMaCvAvX0AIBme0.jpg,,Marilyn Monroe
1209730495145111552,https://twitter.com/datGestruepp/status/1209730495145111552,25.12.2019,"F√ºr alle die nicht da sind. #kritzelkaffee",http://pbs.twimg.com/media/EMO6b4CXkAASXJq.jpg,,<3
1209368107187200001,https://twitter.com/datGestruepp/status/1209368107187200001,24.12.2019,"Halleluja! Und zur Feier des Tages, ausnahmsweise noch ein redraw! #kritzelkaffee",http://pbs.twimg.com/media/EMJDMMqXsAMqWLI.jpg,,gro√üer Tannenbaum (Redraw)
1209005718571012096,https://twitter.com/datGestruepp/status/1209005718571012096,23.12.2019,"Heilige! Es ist ein Jahr rum! Deshalb heute ein Redraw! #kritzelkaffee",http://pbs.twimg.com/media/EMDMbBKXUAIbf_N.jpg,,Tannenbaum-Redraw
1208643331124654081,https://twitter.com/datGestruepp/status/1208643331124654081,22.12.2019,"Joho! #kritzelkaffee",http://pbs.twimg.com/media/EMDLda3XsAYXbC6.jpg,,Cap. Jack Sparrow
1208280942860587008,https://twitter.com/datGestruepp/status/1208280942860587008,21.12.2019,"Und sie sind wirklich ein Hund? Gelb?! #kritzelkaffee",http://pbs.twimg.com/media/EL7tn-AXYAAX_a3.jpg,,Jake (Adventure Time)
1207918554911313920,https://twitter.com/datGestruepp/status/1207918554911313920,20.12.2019,"√Ñhm... ja ne ich bin jetzt nicht soooo schlau. Aber is ja nicht so schlimm. #kritzelkaffee",http://pbs.twimg.com/media/EL7s8izWsAcfF_b.jpg,,Gretchen Grundler (Disney's Gro√üe Pause)
1207556167549014016,https://twitter.com/datGestruepp/status/1207556167549014016,19.12.2019,"Und was... √Ñhm... wer...? #kritzelkaffee",http://pbs.twimg.com/media/ELx5-n2XUAcp9CR.jpg,,Forky (Toy Story 4)
1207193779951874053,https://twitter.com/datGestruepp/status/1207193779951874053,18.12.2019,"Schicke Schuppen! #kritzelkaffee",http://pbs.twimg.com/media/ELqOFxCW4AEv6pO.jpg,,Der Regenbogenfisch
1206831392778264576,https://twitter.com/datGestruepp/status/1206831392778264576,17.12.2019,"Sch√∂n das ihr da seid! #kritzelkaffee",http://pbs.twimg.com/media/ELqN0SVWoAcSehN.jpg,,"Friedrich und Friedrich (Luzie, der Schrecken der Stra√üe)"
1206469004623089664,https://twitter.com/datGestruepp/status/1206469004623089664,16.12.2019,"Yepyepyepyeeeeep! #kritzelkaffee",http://pbs.twimg.com/media/ELiAA_sXUAMC2GK.jpg,,Marsianer (Sesamstra√üe)
1206106616883335169,https://twitter.com/datGestruepp/status/1206106616883335169,15.12.2019,"Und sie kennen den Spencer auch? #kritzelkaffee",http://pbs.twimg.com/media/ELfCXysWkAIj5ch.jpg,,Elvis (Hallo Spencer)
1205744228623699968,https://twitter.com/datGestruepp/status/1205744228623699968,14.12.2019,"Ui! Einen Ritter hatte ich noch nie zu Besuch! #kritzelkaffee",http://pbs.twimg.com/media/ELXxi8eX0AAYbji.jpg,,Ritter Rost
1205381841756344320,https://twitter.com/datGestruepp/status/1205381841756344320,13.12.2019,"Ach wie sch√∂n! Holt ihr den Egon wieder ab? #kritzelkaffee",http://pbs.twimg.com/media/ELXxAQ1WoAAuokM.jpg,,Benny Frandsen und Kjeld Jensen (Olsenbande)
1205019453945077760,https://twitter.com/datGestruepp/status/1205019453945077760,12.12.2019,"Also was machen sie jetzt genau? #kritzelkaffee",http://pbs.twimg.com/media/ELXwlASWwAAWN9S.jpg,,Perry das Schnabeltier (Phineas und Ferb)
1204657065051840512,https://twitter.com/datGestruepp/status/1204657065051840512,11.12.2019,"Ich hab aber gar keine Zettel aufgesammelt! #kritzelkaffee",http://pbs.twimg.com/media/ELDUyuJXsAApSpJ.jpg,,Slenderman
1204294676360171522,https://twitter.com/datGestruepp/status/1204294676360171522,10.12.2019,"Und wie geht‚Äôs Metti? #kritzelkaffee",http://pbs.twimg.com/media/EK-edHqX0AA0K27.jpg,,Li-La-Launeb√§r (Kinderserie)
1203932289845153793,https://twitter.com/datGestruepp/status/1203932289845153793,09.12.2019,"Ach... und die mit den rosa Haaren... ihr geh√∂rt zusammen richtig? #kritzelkaffee",http://pbs.twimg.com/media/EK-doTCXkAAlppq.jpg,,Cosmo
1203207512759164928,https://twitter.com/datGestruepp/status/1203207512759164928,07.12.2019,"Aaja... und wo kommen sie jetzt genau her? #kritzelkaffee",http://pbs.twimg.com/media/EKpexhMXUAYTAy2.jpg,,Schlupp vom Gr√ºnen Stern (Augsburger Puppenkiste)
1202845124776075265,https://twitter.com/datGestruepp/status/1202845124776075265,06.12.2019,"Und was ist das jetzt f√ºr eine spezielle Tasche die sie da haben? #kritzelkaffee",http://pbs.twimg.com/media/EKpeBjvX0AANB__.jpg,,Felix the Cat
1202482738428813321,https://twitter.com/datGestruepp/status/1202482738428813321,05.12.2019,"Sie erleben auch ganz sch√∂n viel oder? #kritzelkaffee",http://pbs.twimg.com/media/EKpFhD7WsAAabrK.jpg,,Gaston Lagaffe
1202120349757906944,https://twitter.com/datGestruepp/status/1202120349757906944,04.12.2019,"Euch hab ich aber lange nicht gesehen. #kritzelkaffee",http://pbs.twimg.com/media/EKpE9u5WsAA62aK.jpg,,Max und Moritz (Wilhelm Busch) 
1201757963184001024,https://twitter.com/datGestruepp/status/1201757963184001024,03.12.2019,"Tolles Schild haben sie da! #kritzelkaffee",http://pbs.twimg.com/media/EKpEc9wWwAIxGu9.jpg,,Captain America
1201395575125463040,https://twitter.com/datGestruepp/status/1201395575125463040,02.12.2019,"Ach. Und auf der Gans fliegen sie √ºberall hin? Toll! #kritzelkaffee",http://pbs.twimg.com/media/EKcNNK1XsAEipY-.jpg,,Nils Holgerson
1201033186425344000,https://twitter.com/datGestruepp/status/1201033186425344000,01.12.2019,"Guten Tag der Herr! Bleiben Sie doch ein bisschen l√§nger! Gnihihihi. #kritzelkaffee",http://pbs.twimg.com/media/EKcMxvjXkAARcX3.jpg,,Red von M&M
1200670799394246658,https://twitter.com/datGestruepp/status/1200670799394246658,30.11.2019,"Tag der Herr. #kritzelkaffee",http://pbs.twimg.com/media/EKP0VSBXkAAtq_W.jpg,,R√§uber Hotzenplotz
1200308409796644864,https://twitter.com/datGestruepp/status/1200308409796644864,29.11.2019,"Warum haben sie Gummib√§rchen in meinen Kaffee getan? Das macht √ºberhaupt keinen Sinn! #kritzelkaffee",http://pbs.twimg.com/media/EKPznRoWwAMQoz1.jpg,,Goldb√§r (Haribo)
1199946023138926593,https://twitter.com/datGestruepp/status/1199946023138926593,28.11.2019,"Sie springen womit?? #kritzelkaffee",http://pbs.twimg.com/media/EKE8T1-XYAAHOxP.jpg,,Tigger (Winnie Puuh)
1199583635646451712,https://twitter.com/datGestruepp/status/1199583635646451712,27.11.2019,"Deine Augen sind auch nur ganz wenig gruselig. #kritzelkaffee",http://pbs.twimg.com/media/EKE79YxWoAEn2Wv.jpg,,Wanda
1199221247734734850,https://twitter.com/datGestruepp/status/1199221247734734850,26.11.2019,"Nein ich hab keinen Hund. Warum fragen sie mich das? Sie sind gruselig! #kritzelkaffee",http://pbs.twimg.com/media/EJ7e16tXkAIpYHu.jpg,,Cruella de Ville
1198858858254331907,https://twitter.com/datGestruepp/status/1198858858254331907,25.11.2019,"Aber Zaubern k√∂nnen sie schon oder? #kritzelkaffee",http://pbs.twimg.com/media/EJ4xiL2XUAIoiAO.jpg,,Rincewind der Zauberer (Scheibenweltromane Terry Pratchett)
1198496470472830977,https://twitter.com/datGestruepp/status/1198496470472830977,24.11.2019,"Ach guck! #kritzelkaffee",http://pbs.twimg.com/media/EJlVa-1WsAETtQ_.jpg,,Doozer (Fraggles)
1198134082816925696,https://twitter.com/datGestruepp/status/1198134082816925696,23.11.2019,"Also ich h√§tt jetzt schon gerne Schokolade. #kritzelkaffee",http://pbs.twimg.com/media/EJlVDCoW4AI3QdQ.jpg,,Willy Wonka (Charlie und die Schokoladenfabrik)
1197771696402358273,https://twitter.com/datGestruepp/status/1197771696402358273,22.11.2019,"Und welches ist dein Lieblingspokemon? #kritzelkaffee",http://pbs.twimg.com/media/EJlUsmcXUAYlfNX.jpg,,Phunk
1197409308343853056,https://twitter.com/datGestruepp/status/1197409308343853056,21.11.2019,"Wow! Und ich kann mir jetzt was W√ºnschen! #kritzelkaffee",http://pbs.twimg.com/media/EJbsMOUWkAAS1st.jpg,,Dschinni (Aladdin)
1197046920880914434,https://twitter.com/datGestruepp/status/1197046920880914434,20.11.2019,"Ach. Und sie sind jetzt Pirat? #kritzelkaffee",http://pbs.twimg.com/media/EJbrZ69XUAEhG4-.jpg,,Ruffy/Luffy (One Piece)
1196684531463598080,https://twitter.com/datGestruepp/status/1196684531463598080,19.11.2019,"Boah ne! Nicht diese Schmalzlocke! #kritzelkaffee",http://pbs.twimg.com/media/EJRvwkFXUAESov6.jpg,,Gaston (Die Sch√∂ne und das Biest)
1196322144919179264,https://twitter.com/datGestruepp/status/1196322144919179264,18.11.2019,"Ein Troll?? EIN TROLL??! #kritzelkaffee",http://pbs.twimg.com/media/EJRvKBgXYAAyW4a.jpg,,Zaubertroll (Spielzeug der 90er)
1195959755791044608,https://twitter.com/datGestruepp/status/1195959755791044608,17.11.2019,"Ich mag auch B√§ume! #kritzelkaffee",http://pbs.twimg.com/media/EJbsrGwWoAERADu.jpg,,Idefix
1195597367656865792,https://twitter.com/datGestruepp/status/1195597367656865792,16.11.2019,"Aha! Sie wollen also Pirat werden? #kritzelkaffee",http://pbs.twimg.com/media/EJMLx4OX0AAgfnn.jpg,,Guybrush Threepwood (Monkey Island)
1195234981804531712,https://twitter.com/datGestruepp/status/1195234981804531712,15.11.2019,"Schon wieder ein Pokemon! #kritzelkaffee",http://pbs.twimg.com/media/EJAALfsWoAACF95.jpg,,Voltilamm (Pokemon)
1194872591804092416,https://twitter.com/datGestruepp/status/1194872591804092416,14.11.2019,"Endlich! Mein Brief! #kritzelkaffee",http://pbs.twimg.com/media/EI4N3_oWkAIm74G.jpg,,Hedwig (Harry Potter)
1194510205456805888,https://twitter.com/datGestruepp/status/1194510205456805888,13.11.2019,"Hallo Tiffi! #kritzelkaffee",http://pbs.twimg.com/media/EI4NfjyXUAIS6fB.jpg,,Tiffy (Sesamstra√üe)
1194147816647479296,https://twitter.com/datGestruepp/status/1194147816647479296,12.11.2019,"Jaaaa, aber ich mag meine Haar gerade so wie sie sind. #kritzelkaffee",http://pbs.twimg.com/media/EIuQGpaX0AApx3C.jpg,,Edward (Mit den Scherenh√§nden)
1193424500412563456,https://twitter.com/datGestruepp/status/1193424500412563456,10.11.2019,"Hallo der Herr! #kritzelkaffee",http://pbs.twimg.com/media/EI_lQLOW4AAXeqJ.jpg,,Professor Hershel Layton
1193060652748869634,https://twitter.com/datGestruepp/status/1193060652748869634,09.11.2019,"H√ºbsche Haarfarbe! #kritzelkaffee",http://pbs.twimg.com/media/EIcrtVGWkAA2g7L.jpg,,Leeloo Minai Lekatariba-Lamina-Tchai Ekbat De Sebat (Das f√ºnfte Element)
1192698265243934721,https://twitter.com/datGestruepp/status/1192698265243934721,08.11.2019,"Okay der Herr. #kritzelkaffee",http://pbs.twimg.com/media/EIRUk5UX0AEsd0V.jpg,,Herr Kaffee
1192335876690309120,https://twitter.com/datGestruepp/status/1192335876690309120,07.11.2019,"Ich m√∂chte meine Stimme bitte behalten. Danke. #kritzelkaffee",http://pbs.twimg.com/media/EIRT9wEWkAMREdp.jpg,,Hexe Ursula (Arielle)
1191973488946536448,https://twitter.com/datGestruepp/status/1191973488946536448,06.11.2019,"Langsam gew√∂hne ich mich dran. #kritzelkaffee",http://pbs.twimg.com/media/EIKe8woXkAAFGm5.jpg,,Digda (Pokemon)
1191611102431531008,https://twitter.com/datGestruepp/status/1191611102431531008,05.11.2019,"Och... #kritzelkaffee",http://pbs.twimg.com/media/EIKekL2XkAAc91l.jpg,,Gr√ºn-Tentakel (Day of the Tentacle und Maniac Mansion)
1191248713991233536,https://twitter.com/datGestruepp/status/1191248713991233536,04.11.2019,"√Ñhmmmm.... #kritzelkaffee",http://pbs.twimg.com/media/EH_t3kDXUAEqec4.jpg,,Xenomorph (Alien)
1190886325555253248,https://twitter.com/datGestruepp/status/1190886325555253248,03.11.2019,"Ach, praktisch so unsichtbare Extraarme.  #kritzelkaffee",http://pbs.twimg.com/media/EH_thhdX0AAtNJV.jpg,,Lucy/Nyu (Elfenlied)
1190523937547079680,https://twitter.com/datGestruepp/status/1190523937547079680,02.11.2019,"Warum machst du Glitzer in meinen Kaffee? #kritzelkaffee",http://pbs.twimg.com/media/EH4Gkw_W4AAw7hg.jpg,,Little Misfortune
1190161549471694849,https://twitter.com/datGestruepp/status/1190161549471694849,01.11.2019,"Singen sie jetzt auch? Und warum sieht ihr Auge so komisch aus? #kritzelkaffee",http://pbs.twimg.com/media/EH4GEYEWoAE8V4P.jpg,,Das Phantom (der Oper)
1189799162474303488,https://twitter.com/datGestruepp/status/1189799162474303488,31.10.2019,"Danke Str√ºppi!  Mensch, wo hab ich heute nur meinen Kopf!? #kritzelkaffee",http://pbs.twimg.com/media/EHu0HFBW4AIkPlN.jpg,,nur Halloween
1189436775556505601,https://twitter.com/datGestruepp/status/1189436775556505601,30.10.2019,"Oookaaay... #kritzelkaffee",http://pbs.twimg.com/media/EHuzdeTW4AA9cuh.jpg,,Truhe (Scheibenwelt)
1189074387795771394,https://twitter.com/datGestruepp/status/1189074387795771394,29.10.2019,"Jaaaaa, ich hab mich voooll erschreckt! Oh! Wir gruselt es mir! *seufz* #kritzelkaffee",http://pbs.twimg.com/media/EHkGEgmWkAEIqzM.jpg,,Casper (Der freundliche Geist)
1188711999762399234,https://twitter.com/datGestruepp/status/1188711999762399234,28.10.2019,"Komischer Name... Chucky... #kritzelkaffee",http://pbs.twimg.com/media/EHa-IHSX4AE7E9Q.jpg,,Chucky die M√∂rderpuppe
1188350663316660224,https://twitter.com/datGestruepp/status/1188350663316660224,27.10.2019,"Super Trooper! Ahahahahaa! Sie verstehen! Haha! #kritzelkaffee",http://pbs.twimg.com/media/EH3engXX0AEmMUp.jpg,,Stormtrooper (Star Wars)
1187972123257495552,https://twitter.com/datGestruepp/status/1187972123257495552,26.10.2019,"Mir ist so anders. #kritzelkaffee",http://pbs.twimg.com/media/EHa8ZXlXYAIsJE6.jpg,,Coraline
1187609734926360577,https://twitter.com/datGestruepp/status/1187609734926360577,25.10.2019,"Und das tut nicht weh?  #kritzelkaffee",http://pbs.twimg.com/media/EHUDES2X4AAGgpC.jpg,,pinhead
1187247348616847360,https://twitter.com/datGestruepp/status/1187247348616847360,24.10.2019,"Ach und sie k√∂nnen jeder Mensch sein den sie wollen? Praktisch! #kritzelkaffee",http://pbs.twimg.com/media/EHUCVdwWsAAbW4Q.jpg,,Mystique (X-Man)
1186884959660888065,https://twitter.com/datGestruepp/status/1186884959660888065,23.10.2019,"Jaja, ist bald Halloween. #kritzelkaffee",http://pbs.twimg.com/media/EHPT-fGX4AAK25I.jpg,,Irgendeine Mumie
1186522572747366401,https://twitter.com/datGestruepp/status/1186522572747366401,22.10.2019,"Ach! #kritzelkaffee",http://pbs.twimg.com/media/EHJmRnzX4AAM8TJ.jpg,,Maulwurfn (Puppe von Ren√© Marik)
1186160183581593600,https://twitter.com/datGestruepp/status/1186160183581593600,21.10.2019,"Irgendwas ist anders als sonst. #kritzelkaffee",http://pbs.twimg.com/media/EHBTHxbXUAEuDX8.jpg,,Waschb√§r (Yvraldis)
1185797796701409280,https://twitter.com/datGestruepp/status/1185797796701409280,20.10.2019,"Awwww! #kritzelschuh √§√§√§hhh #kritzelkaffee",http://pbs.twimg.com/media/EG2V5f-X4AEDG3l.jpg,,EVE (WALL-E)
1185435407837794304,https://twitter.com/datGestruepp/status/1185435407837794304,19.10.2019,"vielleicht h√§tte ich etwas mehr Kaffee aufsetzen sollen. #kritzelkaffee",http://pbs.twimg.com/media/EG2VDVlXkAQ14iH.jpg,,Die drei Siedler (Siedler)
1185073021217734656,https://twitter.com/datGestruepp/status/1185073021217734656,18.10.2019,"So viel Power! #kritzelkaffee",http://pbs.twimg.com/media/EG15lURWsAEmGdx.jpg,,Bubbles (The Power Puff Girls)
1184710633096237056,https://twitter.com/datGestruepp/status/1184710633096237056,17.10.2019,"Oha! #kritzelkaffee",http://pbs.twimg.com/media/EGyavwaW4AAMF0t.jpg,,Nebulak (Pokemon)
1184348245742346240,https://twitter.com/datGestruepp/status/1184348245742346240,16.10.2019,"Und wo kommt da jetzt das Garn raus? #kritzelkaffee",http://pbs.twimg.com/media/EGqcoD2W4AEC6tE.jpg,,Malefiz (Dornr√∂schen)
1183985856958193666,https://twitter.com/datGestruepp/status/1183985856958193666,15.10.2019,"Und wann werden die jetzt zu Talern? #kritzelkaffee",http://pbs.twimg.com/media/EGqbonhWwAAcKVR.jpg,,Sternentaler
1183623469705154560,https://twitter.com/datGestruepp/status/1183623469705154560,14.10.2019,"Och n√∂! #kritzelkaffee",http://pbs.twimg.com/media/EGnhy3DXkAA7QtH.jpg,,Po (Teletubbies)
1183261082623889409,https://twitter.com/datGestruepp/status/1183261082623889409,13.10.2019,"Und was liefern Sie so aus? #kritzelkaffee",http://pbs.twimg.com/media/EGlHwSzXYAAksQF.jpg,,Kiki und Jiji (Kikis kleiner Lieferservice)
1182898692770021376,https://twitter.com/datGestruepp/status/1182898692770021376,12.10.2019,"Wie?!? #kritzelkaffee",http://pbs.twimg.com/media/EGbMHCxWwAA89tx.jpg,,Excalibur
1182536305177235457,https://twitter.com/datGestruepp/status/1182536305177235457,11.10.2019,"Von denen gibt‚Äôs noch mehr stimmt? #kritzelkaffee",http://pbs.twimg.com/media/EGTdjYnU4AARK7D.jpg,,Dragonball
1182173918859276289,https://twitter.com/datGestruepp/status/1182173918859276289,10.10.2019,"Iiiiihh! #kritzelkaffee",http://pbs.twimg.com/media/EGTbuQJU4AAnBJp.jpg,,Schleimgeist/Slimer (Ghostbusters)
1181811530746204160,https://twitter.com/datGestruepp/status/1181811530746204160,09.10.2019,"Der gute Kaffee!!!! #kritzelkaffee",http://pbs.twimg.com/media/EGS601DXoAA1abA.jpg,,Septa Unella (Game of Thrones)
1181449141555093505,https://twitter.com/datGestruepp/status/1181449141555093505,08.10.2019,"√Ñhm... und warum soll ich jetzt f√ºr meinen eigenen Kaffee bezahlen? #kritzelkaffee",http://pbs.twimg.com/media/EF8PoLLXUAAeoIa.jpg,,Mr. Krabs (SpongeBob)
1181086755337801728,https://twitter.com/datGestruepp/status/1181086755337801728,07.10.2019,"Son-Wer? #kritzelkaffee",http://pbs.twimg.com/media/EF0pHNRWsAAlHqQ.jpg,,Son-Goku (Dragonball)
1180724365832253440,https://twitter.com/datGestruepp/status/1180724365832253440,06.10.2019,"Och, so unheimlich siehst du gar nicht aus. #kritzelkaffee",http://pbs.twimg.com/media/EFvF2h5XYAA1nSA.jpg,,Six (Game: Little Nightmares)
1180361978482573312,https://twitter.com/datGestruepp/status/1180361978482573312,05.10.2019,"Oh. Ist der Kaffee zu stark? #kritzelkaffee",http://pbs.twimg.com/media/EFqO2eQWsAInc6m.jpg,,Tassilo (Sch√∂ne und das Biest)
1179999589778284544,https://twitter.com/datGestruepp/status/1179999589778284544,04.10.2019,"Ach, und den Apfel hat sie ihnen einfach geschenkt? Wie nett! #kritzelkaffee",http://pbs.twimg.com/media/EFktrrrX0AAjrYF.jpg,,Schneewittchen
1179637203133243392,https://twitter.com/datGestruepp/status/1179637203133243392,03.10.2019,"Sie wollen WAS in meinen Kaffee tun??? #kritzelkaffee",http://pbs.twimg.com/media/EFf6J_kXYAAzo76.jpg,,R√©mi (Ratatouille)
1179274942820564992,https://twitter.com/datGestruepp/status/1179274942820564992,02.10.2019,"Ein T√§sschen S√§gemehl? #kritzelkaffee",http://pbs.twimg.com/media/EFVshe6XsAEzK-W.jpg,,Pinocchio
1178912426814660608,https://twitter.com/datGestruepp/status/1178912426814660608,01.10.2019,"Junger Meister! ‚ù§Ô∏è #kritzelkaffee",http://pbs.twimg.com/media/EFVFQqCX4AAn3S3.jpg,,Urzah (der dunkle Kristall)
1178550039586562048,https://twitter.com/datGestruepp/status/1178550039586562048,30.09.2019,"√Ñhm... Tag auch? #kritzelkaffee",http://pbs.twimg.com/media/EFVEWgKXoAE8ofm.jpg,,Sam der Adler (Muppet Show)
1178187650450124801,https://twitter.com/datGestruepp/status/1178187650450124801,29.09.2019,"Oh Kacke! #kritzelkaffee",http://pbs.twimg.com/media/EFTZvYQX4AEfZf7.jpg,,Zeichen f√ºr Die Stille/Beichtpriester (Dr. Who)
1177825264241385472,https://twitter.com/datGestruepp/status/1177825264241385472,28.09.2019,"M√§chtig gewaltig Egon! #kritzelkaffee",http://pbs.twimg.com/media/EFK6Js2W4AEED-f.jpg,,Egon Olsen (Olsenbande
1177462874941382656,https://twitter.com/datGestruepp/status/1177462874941382656,27.09.2019,"Darf ich auch mal? Gnihihi. #kritzelkaffee",http://pbs.twimg.com/media/EFKrSLyXUAEJ_IQ.jpg,,Absolem (Alice im Wunderland)
1177100487520399360,https://twitter.com/datGestruepp/status/1177100487520399360,26.09.2019,"√Ñhhmmmm... bisschen √ñl? #kritzelkaffee",http://pbs.twimg.com/media/EFKqcWcXoAIN-P1.jpg,,Cyberman (Doctor Who)
1176738100401360899,https://twitter.com/datGestruepp/status/1176738100401360899,25.09.2019,"M√∂chtest du aus meinem Becherchen trinken? #kritzelkaffee",http://pbs.twimg.com/media/EFGZYi0WkAEzuD7.jpg,,Froschk√∂nig
1176375717132529665,https://twitter.com/datGestruepp/status/1176375717132529665,24.09.2019,"‚ô•Ô∏è #kritzelkaffee",http://pbs.twimg.com/media/EFGZMH6WkAEoXbj.jpg,,Ferkel (Winnie the Puh)
1176013323311042560,https://twitter.com/datGestruepp/status/1176013323311042560,23.09.2019,"Warum haben Sie so gro√üe H√§nde? #kritzelkaffee",http://pbs.twimg.com/media/EExSiKSX4AYw6yd.jpg,,(b√∂ser) Wolf (Rotk√§ppchen)
1175650936678694912,https://twitter.com/datGestruepp/status/1175650936678694912,22.09.2019,"Sie sind also ein Kapit√§n? #kritzelkaffee",http://pbs.twimg.com/media/EEukqI6XsAAHCiK.jpg,,K√§pt'n Haddock (Tim & Struppi)
1175288548313858048,https://twitter.com/datGestruepp/status/1175288548313858048,21.09.2019,"Ich m√∂chte aber kein Spiel spielen. Ich m√∂chte nur den Kaffee trinken. #kritzelkaffee",http://pbs.twimg.com/media/EEmjbjlXUAMwOgE.jpg,,Billy the Puppet (Saw)
1174926160477728768,https://twitter.com/datGestruepp/status/1174926160477728768,20.09.2019,"Der Kaffee hat gesagt ich soll ihn trinken! #kritzelkaffee",http://pbs.twimg.com/media/EEminc3WwAAVsmK.jpg,,Alice
1174563773056598016,https://twitter.com/datGestruepp/status/1174563773056598016,19.09.2019,"Das Kaffee. Kaffee lecker! Kaffee machen wach! #kritzelkaffee",http://pbs.twimg.com/media/EEfALmYXYAEZshf.jpg,,Frankensteins Monster
1174201385782370304,https://twitter.com/datGestruepp/status/1174201385782370304,18.09.2019,"Ouuu... ich dachte du w√§rst so ein Automat. Ach je. Zeit f√ºr einen #kritzelkaffee",http://pbs.twimg.com/media/EEac50HWkAYcCYf.jpg,,Flipper der Delfin
1173838996461375488,https://twitter.com/datGestruepp/status/1173838996461375488,17.09.2019,"√Ñhmmm.... #kritzelkaffee",http://pbs.twimg.com/media/EEVzwF5XYAA7dgt.jpg,,Ghostface (Scream)
1173476609413779456,https://twitter.com/datGestruepp/status/1173476609413779456,16.09.2019,"Ein Kesselchen Kaffee? #kritzelkaffee",http://pbs.twimg.com/media/EELRyenXkAET2nY.jpg,,Miraculix (aus Asterix)
1173114222256869376,https://twitter.com/datGestruepp/status/1173114222256869376,15.09.2019,"Was ist diese Box von diesem Schr√∂dinger? #kritzelkaffee",http://pbs.twimg.com/media/EELQcy2XkAAZYzD.jpg,,Schr√∂dingers Katze
1172751833359704064,https://twitter.com/datGestruepp/status/1172751833359704064,14.09.2019,"Nun... #kritzelkaffee",http://pbs.twimg.com/media/EEDUPxpWsAAiBXX.jpg,,M√∂we aus Findet Nemo
1172389445661810688,https://twitter.com/datGestruepp/status/1172389445661810688,13.09.2019,"Nat! #kritzelkaffee",http://pbs.twimg.com/media/EEDREGYX4AEkOvq.jpg,,Ente aus der Sendung mit der Maus
1172027057670447105,https://twitter.com/datGestruepp/status/1172027057670447105,12.09.2019,"Ich hab auch was gr√ºnes an. Darf ich sie jetzt retten? #kritzelkaffee",http://pbs.twimg.com/media/ED8ZPNyX4AAzdKh.jpg,,Prinzessin Zelda
1171664670605942787,https://twitter.com/datGestruepp/status/1171664670605942787,11.09.2019,"Eene meene Moll, der Kaffee sei wieder voll! Hex hex! #kritzelkaffee",http://pbs.twimg.com/media/ED2sQP2X4AA50cZ.jpg,,Bibi Blocksberg
1171302283121836033,https://twitter.com/datGestruepp/status/1171302283121836033,10.09.2019,"Och! Dich habe ich ja lange nicht gesehen! #kritzelkaffee",http://pbs.twimg.com/media/EDwz3YtU4AAEfGF.jpg,,Chibi Maruko Chan (Manga-Serie)
1170939895306752000,https://twitter.com/datGestruepp/status/1170939895306752000,09.09.2019,"Wer...? Was...? #kritzelkaffee",http://pbs.twimg.com/media/EDnwKIPXkAAV4FT.jpg,,Metroid Larve (Metroid Spiel)
1170577506719584256,https://twitter.com/datGestruepp/status/1170577506719584256,08.09.2019,"Nawwww! Wie bist du denn da rein gekommen? #kritzelkaffee",http://pbs.twimg.com/media/EDkHWuSW4AEGWLd.jpg,,Myrapla (Pokemon)
1170215118778458112,https://twitter.com/datGestruepp/status/1170215118778458112,07.09.2019,"Ach sie sind der, der immer eine Idee hat? #kritzelkaffee",http://pbs.twimg.com/media/EDe45RJX4AAJ1G2.jpg,,Wickie (Wickie und die starken M√§nner)
1169852732448104448,https://twitter.com/datGestruepp/status/1169852732448104448,06.09.2019,"Hei√üt das, ich darf den Kaffee jetzt trinken? #kritzelkaffee",http://pbs.twimg.com/media/EDcsf1FWsAEsXAc.jpg,,Ostberliner Ampelm√§nnchen
1169490344351682561,https://twitter.com/datGestruepp/status/1169490344351682561,05.09.2019,"Zeigst du mir wie man so einen sch√∂nen Schmollmund bekommt? üòö #kritzelkaffee",http://pbs.twimg.com/media/EDe3yPlW4AE_2YX.jpg,,EllaMirelle
1169127956020547584,https://twitter.com/datGestruepp/status/1169127956020547584,04.09.2019,"Nein ich bin keine Miezekatze. #kritzelkaffee",http://pbs.twimg.com/media/EDUEyPzXkAAdxpA.jpg,,Tweety
1168765567555264512,https://twitter.com/datGestruepp/status/1168765567555264512,03.09.2019,"Faszinierend! #kritzelkaffee",http://pbs.twimg.com/media/EDPfIsjWwAUbYUw.jpg,,"Severus Snape (Alan Rickman: 'Always')"
1168403179492372480,https://twitter.com/datGestruepp/status/1168403179492372480,02.09.2019,"M√∂chten sie eine Gabel zu ihrem Kaffee? #kritzelkaffee",http://pbs.twimg.com/media/EDIzjbSXYAErRis.jpg,,Arielle die Meerjungfrau
1168040791802990592,https://twitter.com/datGestruepp/status/1168040791802990592,01.09.2019,"Willkommen auf der Erde! #kritzelkaffee",http://pbs.twimg.com/media/EDHkJt0WwAA_4QM.jpg,,Spock (Star Trek)
1167678402398048257,https://twitter.com/datGestruepp/status/1167678402398048257,31.08.2019,"Wie sind sie da rein gekommen? Und wie spricht man dieses chtu... chutull.... chtuhull.... aaaah! #kritzelkaffee",http://pbs.twimg.com/media/EC_0HUWW4AEx0qa.jpg,,Cthulhu
1167316015371423744,https://twitter.com/datGestruepp/status/1167316015371423744,30.08.2019,"Ich mag dich! #kritzelkaffee",http://pbs.twimg.com/media/EC9LfsHXoAA_TZN.jpg,,Klaus Dieter (L√∂wenzahn)
1166953626578890753,https://twitter.com/datGestruepp/status/1166953626578890753,29.08.2019,"√Ñ√§√§hm.... #kritzelkaffee",http://pbs.twimg.com/media/EC9KD4ZWsAAuWxw.jpg,,Venom
1166591240088870912,https://twitter.com/datGestruepp/status/1166591240088870912,28.08.2019,"Was habt ihr vor?? #kritzelkaffee",http://pbs.twimg.com/media/EC9JvuVXUAAa_ZA.jpg,,Max und Moritz (Wilhelm Busch)
1166228850944225281,https://twitter.com/datGestruepp/status/1166228850944225281,27.08.2019,"So f√ºhle ich mich immer ohne Kaffee! #kritzelkaffee",http://pbs.twimg.com/media/EC1UomfWsAAH8_I.jpg,,"Str√ºppiversion von ""Die zerrinnende Zeit
1165866463787462656,https://twitter.com/datGestruepp/status/1165866463787462656,26.08.2019,"Und sie dr√ºcken also nur Kn√∂pfe? #kritzelkaffee",http://pbs.twimg.com/media/ECqmeNdXoAE6K6M.jpg,,eosAndy
1165141688047661059,https://twitter.com/datGestruepp/status/1165141688047661059,24.08.2019,"H√ºbscher Schal. Str√ºppi hat auch so einen. #kritzelkaffee",http://pbs.twimg.com/media/ECjV_OdX4AInwGv.jpg,,Der Kleine Prinz
1164779299494387712,https://twitter.com/datGestruepp/status/1164779299494387712,23.08.2019,"Ach, sie m√∂gen lieber Milch?! Oh. Das ist jetzt.... √Ñhm...  #kritzelkaffee",http://pbs.twimg.com/media/ECg3ORuWkAIOMTY.jpg,,"Leon, der Profi"
1164416912748634112,https://twitter.com/datGestruepp/status/1164416912748634112,22.08.2019,"Guten Tag Herr Buchsbaum! #kritzelkaffee",http://pbs.twimg.com/media/ECbcbL0WkAYlfJS.jpg,,Benjamin Buxbaum (Darkwing Duck)
1164054523939184640,https://twitter.com/datGestruepp/status/1164054523939184640,21.08.2019,"Ich f√ºhle mich heute so abstrakt. #kritzelkaffee",http://pbs.twimg.com/media/ECUrUSaXoAEAyf6.jpg,,Picasso inspirierter Kaffee
1163692135838654464,https://twitter.com/datGestruepp/status/1163692135838654464,20.08.2019,"Guten Morgen! #kritzelkaffee",http://pbs.twimg.com/media/ECLZmMVXkAAvQ1b.jpg,,Mona Lisa
1163329748048719872,https://twitter.com/datGestruepp/status/1163329748048719872,19.08.2019,"Wie w√§r‚Äòs mit einem Luftballontier! Gnihihi! #kritzelkaffee",http://pbs.twimg.com/media/ECLXQheXoAAt_uD.jpg,,The Mask
1162967360585654272,https://twitter.com/datGestruepp/status/1162967360585654272,18.08.2019,"Sie sind Proffessor.... aha... #kritzelkaffee",http://pbs.twimg.com/media/ECJaBqQWwAE19_f.jpg,,Prof. Bienlein (Tim und struppi)
1162604974934618118,https://twitter.com/datGestruepp/status/1162604974934618118,17.08.2019,"Ach, dich hab ich doch schon mal irgendwo gesehen! #kritzelkaffee",http://pbs.twimg.com/media/EB_pSRaXsAAftct.jpg,,Marvin der Marsianer 
1162242586591092736,https://twitter.com/datGestruepp/status/1162242586591092736,16.08.2019,"√Ñh, wer? #kritzelkaffee",http://pbs.twimg.com/media/EB_ooA0XkAA6edd.jpg,,Aang (Avatar the last Airbender)
1161880198142451713,https://twitter.com/datGestruepp/status/1161880198142451713,15.08.2019,"Schon wach? #kritzelkaffee",http://pbs.twimg.com/media/EB7OV22XUAAAUSJ.jpg,,Mona der Vampir
1161517809374916608,https://twitter.com/datGestruepp/status/1161517809374916608,14.08.2019,"Kaffee Kaffee Kaffee Kaffeeeeeeeeee!! #kritzelkaffee",http://pbs.twimg.com/media/EB3X6XnWwAASJ9x.jpg,,Grasb√ºschel
1161147871204237312,https://twitter.com/datGestruepp/status/1161147871204237312,13.08.2019,"Hallo! Wie geht‚Äòs dem Baby? #kritzelkaffee",http://pbs.twimg.com/media/EByJrqPXsAAaY86.jpg,,@studio_vieleck (auf Twitter)
1160793032947404801,https://twitter.com/datGestruepp/status/1160793032947404801,12.08.2019,"Ich bin ein Murch...! #kritzelkaffee",http://pbs.twimg.com/media/EBsAVkrX4AEabcH.jpg,,"Buchling (Walter Moers, Das Labyrinth der tr√§umenden B√ºcher)","Kein Murch! Die Buchlinge haben im Buch Mythenmetz hypnotisiert
1160430646109646848,https://twitter.com/datGestruepp/status/1160430646109646848,11.08.2019,"Awwww! Sie sind so niedlich wenn sie klein sind! #kritzelkaffee",http://pbs.twimg.com/media/EBn0ndqWkAA9FJF.jpg,,Piranha-Pflanze (Mario)
1159705870617501696,https://twitter.com/datGestruepp/status/1159705870617501696,09.08.2019,"Aaah ich muss ganz dringend.... ich hab da einen Bogen und... #kritzelkaffee",http://pbs.twimg.com/media/EBdF_sVXkAA_lBD.jpg,,Ghast (Minecraft)
1159339900996587521,https://twitter.com/datGestruepp/status/1159339900996587521,08.08.2019,"Ich habe einen Kaffee den sie nicht ablehnen k√∂nnen. #kritzelkaffee",http://pbs.twimg.com/media/EBbNfUgXoAAP73w.jpg,,Der Pate
1158996194313625600,https://twitter.com/datGestruepp/status/1158996194313625600,07.08.2019,"√Ñhm... ja... hallo? #kritzelkaffee",http://pbs.twimg.com/media/EAujL6kWkAEY1qa.jpg,,Stewie Griffin (Family Guy)
1158633805613273090,https://twitter.com/datGestruepp/status/1158633805613273090,06.08.2019,"Sie m√∂gen √Ñpfel? #kritzelkaffee",http://pbs.twimg.com/media/EAui-B-WkAAzGN-.jpg,,Ryuk (bzw seine Hand und Apfel) (Death Note)
1158271417621843968,https://twitter.com/datGestruepp/status/1158271417621843968,05.08.2019,"Ach, die will nur spielen! #kritzelkaffee",http://pbs.twimg.com/media/EAuiqGDWwAEBEyo.jpg,,Luxo Junior (Pixar Lampe)
1157909029538029569,https://twitter.com/datGestruepp/status/1157909029538029569,04.08.2019,"Entschuldigung? Sind sie immer so kalt? #kritzelkaffee",http://pbs.twimg.com/media/EAuiavmW4AAtODB.jpg,,Eiskaltes H√§ndchen (Addams Family)
1157546641668227073,https://twitter.com/datGestruepp/status/1157546641668227073,03.08.2019,"Da ist schon wieder ein Pok√©mon in meine Kaffee! #kritzelkaffee",http://pbs.twimg.com/media/EAuiNnGW4AAxQIO.jpg,,Tangela (Pokemon)
1157184253786042368,https://twitter.com/datGestruepp/status/1157184253786042368,02.08.2019,"Ach so! #kritzelkaffee",http://pbs.twimg.com/media/EAuh-CfWwAA7U2o.jpg,,Florian Mund (Lefloid) und Der Olli
1156821866113167360,https://twitter.com/datGestruepp/status/1156821866113167360,01.08.2019,"Wer? #kritzelkaffee",http://pbs.twimg.com/media/EAuhtyCXYAIhjyl.jpg,,Oblina (Aaahh! Monster)
1156459478201634816,https://twitter.com/datGestruepp/status/1156459478201634816,31.07.2019,"Ich habe eine Wassermelone getragen! #Kritzelkaffee",http://pbs.twimg.com/media/EAuhhwJXkAIDVUp.jpg,,Str√ºppi und Wassermelone (Hinweis auf Dirty Dacing)
1154647541293580288,https://twitter.com/datGestruepp/status/1154647541293580288,26.07.2019,"Darf dein Waschb√§r denn Kaffee? #kritzelkaffee",http://pbs.twimg.com/media/EACDNWBWkAMSA3q.jpg,,Yvraldis mit Waschb√§r
1154285151070969857,https://twitter.com/datGestruepp/status/1154285151070969857,25.07.2019,"D√∂d√∂m d√∂dm d√∂d√∂m d√∂dm d√∂d√∂m d√∂d√∂d√∂d√∂√∂√∂√∂√∂√∂√∂√∂√∂√∂ d√∂d√∂d√∂d√∂m! #kritzelkaffee",http://pbs.twimg.com/media/EAAkTpKXYAAwVR-.jpg,,Paulchen Panther
1153922763595423745,https://twitter.com/datGestruepp/status/1153922763595423745,24.07.2019,"Trinkt ihr √ºberhaupt was? #kritzelkaffee",http://pbs.twimg.com/media/D__y2LDX4AEJq8r.jpg,,Kodama/Waldgeister/Baumgeister (Prinzessin Mononoke)
1153560377248112640,https://twitter.com/datGestruepp/status/1153560377248112640,23.07.2019,"Etwas Honig in den Kaffee? #kritzelkaffee",http://pbs.twimg.com/media/D__whC5WkAEuvOZ.jpg,,Winnie Puuh
1153197988325539840,https://twitter.com/datGestruepp/status/1153197988325539840,22.07.2019,"Morg√§hn! #kritzelkaffee",http://pbs.twimg.com/media/D__ucFPXYAABmOx.jpg,,Monchichi
1152878664578719744,https://twitter.com/datGestruepp/status/1152878664578719744,21.07.2019,"Wo ist mein Pokeball? #kritzelkaffee",http://pbs.twimg.com/media/D__ZAHlXoAECIlQ.jpg,,Evoli (Pokemon)
1152496002609364993,https://twitter.com/datGestruepp/status/1152496002609364993,20.07.2019,"Jeder braucht doch eine Schmusedecke!  Und Kaffee!! #kritzelkaffee",http://pbs.twimg.com/media/D_58-eIXYAA0Lyf.jpg,,Linus von Pelt (Peanuts)
1152131108269625344,https://twitter.com/datGestruepp/status/1152131108269625344,19.07.2019,"F√ºhlen Sie sich auch manchmal so fremd gesteuert? #kritzelkaffee",http://pbs.twimg.com/media/D_0xGazWwAAtj9E.jpg,,Urmel aus dem Eis
1151777266067750912,https://twitter.com/datGestruepp/status/1151777266067750912,18.07.2019,"Morg√§hn! #kritzelkaffee",http://pbs.twimg.com/media/D_vvSyeXYAEqE3h.jpg,,Snoopy (Peanuts)
1151406459978244096,https://twitter.com/datGestruepp/status/1151406459978244096,17.07.2019,"Ideen kann man immer brauchen! Und Hilfe auch! #kritzelkaffee",http://pbs.twimg.com/media/D_qeCryXUAAhCL-.jpg,,Helferlein (Duck Tales)
1150976243073986560,https://twitter.com/datGestruepp/status/1150976243073986560,16.07.2019,"Guten Morg√§hn liebe Fr√ºhaufsteher*innen! üëÄ #kritzelkaffee",http://pbs.twimg.com/media/D_kWyOHW4AAG9GH.jpg,,Kleiner Blauer Elefant
1150642569300389893,https://twitter.com/datGestruepp/status/1150642569300389893,15.07.2019,"Aufstehen du musst! #kritzelkaffee",http://pbs.twimg.com/media/D_fnUHIXkAAHsCL.jpg,,Yoda
1150276214290112512,https://twitter.com/datGestruepp/status/1150276214290112512,14.07.2019,"Coffee to strong? Ooh it was only a happy little accident! #kritzelkaffee",http://pbs.twimg.com/media/D_aaHTnXkAACYx_.jpg,,Bob Ross
1149909082956017664,https://twitter.com/datGestruepp/status/1149909082956017664,13.07.2019,"Noch oder schon wach? Ist jetzt Tag oder Nacht? #tilt #kritzelkaffee",http://pbs.twimg.com/media/D_VMNaXWkAYHAd0.jpg,,Nosferatu
1149551224695357441,https://twitter.com/datGestruepp/status/1149551224695357441,12.07.2019,"√Ñhm... heut ist der 12.!#kritzelkaffee",http://pbs.twimg.com/media/D_QGvYYUYAAxDTH.jpg,,Jason (freitag der 13.)
1149197233834921984,https://twitter.com/datGestruepp/status/1149197233834921984,11.07.2019,"Rock‚Äòn‚ÄòRoll Leute! #Kritzelkaffee",http://pbs.twimg.com/media/D_LEyNjX4AE0Esx.jpg,,Elvis
1148844036645695488,https://twitter.com/datGestruepp/status/1148844036645695488,10.07.2019,"Das ist ganz sch√∂n hoch! #kritzelkaffee",http://pbs.twimg.com/media/D_GDjt-WwAAGX-X.jpg,,Rapunzel
1148451700337971200,https://twitter.com/datGestruepp/status/1148451700337971200,09.07.2019,"Wenn ich fr√ºh aufstehen muss! #kritzelkaffee",http://pbs.twimg.com/media/D_AeuhVXsAEhRgS.jpg,,Animal (Muppets)
1148114984930611200,https://twitter.com/datGestruepp/status/1148114984930611200,08.07.2019,"Wer bist du den? #kritzelkaffee",http://pbs.twimg.com/media/D-7sfQ2X4AEeugC.jpg,,Bernard (Maniac Mansion)
1147737423935352832,https://twitter.com/datGestruepp/status/1147737423935352832,07.07.2019,"Ach ... nun... ja hallo! #kritzelkaffee",http://pbs.twimg.com/media/D-2VGdDWwAApKmG.jpg,,Gl√ºcksb√§rchi
1147378547604037632,https://twitter.com/datGestruepp/status/1147378547604037632,06.07.2019,"Hoppla. #kritzelkaffee",http://pbs.twimg.com/media/D-xOsyDWwAAeOWW.jpg,,Kr√ºmelmonster
1147020043995275265,https://twitter.com/datGestruepp/status/1147020043995275265,05.07.2019,"Go Go! #kritzelkaffee",http://pbs.twimg.com/media/D-sIpYwXoAAqHGc.jpg,,Inspector Gadget
1146658698644938752,https://twitter.com/datGestruepp/status/1146658698644938752,04.07.2019,"Ach du meine Nase! #kritzelkaffee",http://pbs.twimg.com/media/D-nAAIRXoAAQpn9.jpg,,Pitiplatsch
1146285457447313408,https://twitter.com/datGestruepp/status/1146285457447313408,03.07.2019,"Mir ist ganz schlumpfig zumute! #kritzelkaffee",http://pbs.twimg.com/media/D-hsiw4XkAAhsGw.jpg,,Papa Schlumpf
1145921351250784256,https://twitter.com/datGestruepp/status/1145921351250784256,02.07.2019,"Frisch heute. #kritzelkaffee",http://pbs.twimg.com/media/D-chY5_WsAErEHJ.jpg,,Olaf (Frozen)
1145550466941620225,https://twitter.com/datGestruepp/status/1145550466941620225,01.07.2019,"Aha... #kritzelkaffee",http://pbs.twimg.com/media/D-XQEmiWwAETgWy.jpg,,Karpador (Pokemon)
1145223260314976256,https://twitter.com/datGestruepp/status/1145223260314976256,30.06.2019,"Nun... #kritzelkaffee",http://pbs.twimg.com/media/D-SmezAX4AMTp_T.jpg,,Diddlmaus
1144831699748044802,https://twitter.com/datGestruepp/status/1144831699748044802,29.06.2019,"Verr√ºckter Morgen! #kritzelkaffee",http://pbs.twimg.com/media/D-NCWxHXYAIjKIf.jpg,,Hutmacher (Alice im Wunderland)
1144493949324673024,https://twitter.com/datGestruepp/status/1144493949324673024,28.06.2019,"Tag die Dame. #kritzelkaffee",http://pbs.twimg.com/media/D-IPLZIUcAAc_Cb.jpg,,Holly Golightly (Tiffany)
1144124653243424768,https://twitter.com/datGestruepp/status/1144124653243424768,27.06.2019,"Ach da gibt‚Äôs auch nette Leute? Wie toll! #kritzelkaffee",http://pbs.twimg.com/media/D-C_TlsX4AA6wpx.jpg,,Tinman (Oz)
1143754046353883136,https://twitter.com/datGestruepp/status/1143754046353883136,26.06.2019,"Unterwasser geht‚Äôs eigentlich. #kritzelkaffee",http://pbs.twimg.com/media/D99uPKrXkAMyrFt.jpg,,Spongebob
1143375482479665152,https://twitter.com/datGestruepp/status/1143375482479665152,25.06.2019,"Guten Morgen liebe Fr√ºhaufsteher*innen! #kritzelkaffee",http://pbs.twimg.com/media/D94V8DUXkAAnssE.jpg,,Nyan Cat
1143036102929977346,https://twitter.com/datGestruepp/status/1143036102929977346,24.06.2019,"Wo sind meine roten Schuhe? #kritzelkaffee",http://pbs.twimg.com/media/D9zhRgRXUAAE9h9.jpg,,Hexe des Westens (Oz)
1142668290407436288,https://twitter.com/datGestruepp/status/1142668290407436288,23.06.2019,"Menno! #kritzelkaffee",http://pbs.twimg.com/media/D9uSwCDXoAYH1BF.jpg,,Herr M√ºller-L√ºdenscheidt (Loriot)
1142317878873645056,https://twitter.com/datGestruepp/status/1142317878873645056,22.06.2019,"Es ist Wochenende! #kritzelkaffee",http://pbs.twimg.com/media/D9pUDCRXoAAvcJt.jpg,,Bibo (Muppets)
1141932798657347584,https://twitter.com/datGestruepp/status/1141932798657347584,21.06.2019,"Es ist Freitag!!! #kritzelkaffee",http://pbs.twimg.com/media/D9j10bcWwAAqjp7.jpg,,Enton (Pokemon)
1141565141663789056,https://twitter.com/datGestruepp/status/1141565141663789056,20.06.2019,"Stimmen wir ein Lied an! #kritzelkaffee",http://pbs.twimg.com/media/D9encQrWkAALKGi.jpg,,Sebastian (Arielle)
1141204286749253633,https://twitter.com/datGestruepp/status/1141204286749253633,19.06.2019,"Verst√§ndlich! #kritzelkaffee",http://pbs.twimg.com/media/D9ZfPxJXoAIzb1Y.jpg,,Schneemann
1140837150654631936,https://twitter.com/datGestruepp/status/1140837150654631936,18.06.2019,"Guten Morg√§hn liebe Fr√ºhaufsteher*innen! #kritzelkaffee",http://pbs.twimg.com/media/D9URVUoXYAAqL17.jpg,,David der Klabauter
1140477815835549697,https://twitter.com/datGestruepp/status/1140477815835549697,17.06.2019,"Diese Naaaaase! #kritzelkaffee",http://pbs.twimg.com/media/D9PKhTIXsAA681J.jpg,,Cleopatra
1140123111502876673,https://twitter.com/datGestruepp/status/1140123111502876673,16.06.2019,"Guten Morgen ! Was lernen wir heute? #kritzelkaffee",http://pbs.twimg.com/media/D9KH6z7XUAAPio8.jpg,,Maestro (es war einmal ‚Ä¶)
1139763649814437888,https://twitter.com/datGestruepp/status/1139763649814437888,15.06.2019,"Morg√§hn! Ein Schl√ºcken Milch zum Kaffee? #kritzelkaffee",http://pbs.twimg.com/media/D9FA_S-XkAYeViz.jpg,,Heidi
1139379956650135552,https://twitter.com/datGestruepp/status/1139379956650135552,14.06.2019,"Hattet ihr auch so komische Tr√§ume?! #kritzelkaffee",http://pbs.twimg.com/media/D8_kBqvVAAEz10d.jpg,,Freddy Kruger
1139049726177886209,https://twitter.com/datGestruepp/status/1139049726177886209,13.06.2019,"Ich bin der Schrecken der die Nacht durchflattert!!! #kritzelkaffee",http://pbs.twimg.com/media/D863r0RXkAID2B4.jpg,,Darkwing Duck
1138672186678493187,https://twitter.com/datGestruepp/status/1138672186678493187,12.06.2019,"Morgen ihr Menschen! #kritzelkaffee",http://pbs.twimg.com/media/D81gUHyXsAAgzS7.jpg,,Bender (Futurama)
1138302532831318016,https://twitter.com/datGestruepp/status/1138302532831318016,11.06.2019,"Guten Morgen liebe Fr√ºhaufsteher*innen! #kritzelkaffee",http://pbs.twimg.com/media/D8wQHHlXsAAf5R4.jpg,,Plumps (Sandm√§nnchen)
1137983871730012160,https://twitter.com/datGestruepp/status/1137983871730012160,10.06.2019,"Guten Morgen ‚ô•Ô∏è #kritzelkaffee",http://pbs.twimg.com/media/D8ruS97XoAAaV57.jpg,,Charlie Chaplin
1137633473747984384,https://twitter.com/datGestruepp/status/1137633473747984384,09.06.2019,"Guten Morg√§hn! Ich bin heute nicht so schnell! #kritzelkaffee",http://pbs.twimg.com/media/D8mvnCwVUAAUOey.jpg,,Goldener Schnatz
1137258691093323777,https://twitter.com/datGestruepp/status/1137258691093323777,08.06.2019,"Guten morgen! #kritzelkaffee",http://pbs.twimg.com/media/D8hav2BXsAADeVS.jpg,,Margaret Hamilton
1136888671775408130,https://twitter.com/datGestruepp/status/1136888671775408130,07.06.2019,"Du hast doch nen Schatten! Stimmt!  #kritzelkaffee",http://pbs.twimg.com/media/D8cKN7EWkAAEdE2.jpg,,Schatten von Peter Pan
1136503324117741569,https://twitter.com/datGestruepp/status/1136503324117741569,06.06.2019,"Guten Morgen! #kritzelkaffee",http://pbs.twimg.com/media/D8WrvgYW4AIbIEe.jpg,,Miss Piggy (Muppets)
1136159291273097217,https://twitter.com/datGestruepp/status/1136159291273097217,05.06.2019,"Guten Morgen! Aaaww bist du knuffig! #kritzelkaffee",http://pbs.twimg.com/media/D8Ry2b_WwAMwV5Z.jpg,,Hamtaro
1135770639552471046,https://twitter.com/datGestruepp/status/1135770639552471046,04.06.2019,"Coffee to fly. #kritzelkaffee",http://pbs.twimg.com/media/D8MRX2YWsAIx3hR.jpg,,ET
1135430444378480640,https://twitter.com/datGestruepp/status/1135430444378480640,03.06.2019,"Ello!  #kritzelkaffee",http://pbs.twimg.com/media/D8Hb96tWsAchE52.jpg,,Abe (Oddworld)
1135084586852134912,https://twitter.com/datGestruepp/status/1135084586852134912,02.06.2019,"Mein Gesicht beim ersten Kaffee! #kritzelkaffee",http://pbs.twimg.com/media/D8ChZ-_WsAIrjGy.jpg,,Kermit (Muppets)
1134709602984112128,https://twitter.com/datGestruepp/status/1134709602984112128,01.06.2019,"Ja Patrick, das nennt man Kaffee. #kritzelkaffee",http://pbs.twimg.com/media/D79MXchW4AA9IsM.jpg,,Patrick (Spongebob)
1134338362800771072,https://twitter.com/datGestruepp/status/1134338362800771072,31.05.2019,"BANANAAAAA! #kritzelkaffee",http://pbs.twimg.com/media/D736uXQXUAAEdwa.jpg,,Minion
1133988707969785856,https://twitter.com/datGestruepp/status/1133988707969785856,30.05.2019,"√Ñh√§m... K√§ffchen? Hilft vielleicht. #kritzelkaffee",http://pbs.twimg.com/media/D7y8teAXsAAZsZw.jpg,,Anna Samara (Ring)
1133623249382850560,https://twitter.com/datGestruepp/status/1133623249382850560,29.05.2019,"Guten Morgen! Ja ich bin auch noch nicht ganz wach. #kritzelkaffee",http://pbs.twimg.com/media/D7twVAEXoAA2C5_.jpg,,Calimero
1133262350046433280,https://twitter.com/datGestruepp/status/1133262350046433280,28.05.2019,"Beeindruckend nicht wahr? #kritzelkaffee",http://pbs.twimg.com/media/D7ooFnoX4AAZK5P.jpg,,Magneto-Str√ºppi (X-Men)
1132876845966348289,https://twitter.com/datGestruepp/status/1132876845966348289,27.05.2019,"Weeenn eeiiiin L√∂ffelchen voll Zuckeeeer... #kritzelkaffee",http://pbs.twimg.com/media/D7jJeYUW0AI6WQh.jpg,,Mary Poppins
1132535279359877120,https://twitter.com/datGestruepp/status/1132535279359877120,26.05.2019,"Einen doppelten auf dich. ‚ô•Ô∏è  #kritzelkaffee #HappyBirthday",http://pbs.twimg.com/media/D7eS1GTWkAAhm8I.jpg,,(privater Kritzelkaffee)
1132170107462066176,https://twitter.com/datGestruepp/status/1132170107462066176,25.05.2019,"Guten Morgen. Es tut mir voll leid aber ich verstehe sie nicht. #kritzelkaffee",http://pbs.twimg.com/media/D7ZGtVqWwAAMknq.jpg,,Globi
1131814304989294592,https://twitter.com/datGestruepp/status/1131814304989294592,24.05.2019,"Guten Morgen! Erst mal relaxen. #kritzelkaffee",http://pbs.twimg.com/media/D7UDG56W4AARlPu.jpg,,Relaxo (Pokemon)
1131443748754399232,https://twitter.com/datGestruepp/status/1131443748754399232,23.05.2019,"√Ñhm... sollte ich mir Sorgen machen? #kritzelkaffee",http://pbs.twimg.com/media/D7OyFe-W0AArf5G.jpg,,Death Star (Star Wars)
1131077386840236032,https://twitter.com/datGestruepp/status/1131077386840236032,22.05.2019,"Bawk! #kritzelkaffee",http://pbs.twimg.com/media/D7Jk4ajWsAImJwi.jpg,,Moorhuhn
1130695530265415681,https://twitter.com/datGestruepp/status/1130695530265415681,21.05.2019,"Guten Morg√§hn! Heut ein Dougnut... ü§§ #kritzelkaffee",http://pbs.twimg.com/media/D7EJlCGW0AYohKB.jpg,,Homer Simpson
1130355288769531904,https://twitter.com/datGestruepp/status/1130355288769531904,20.05.2019,"Guten Morgen! H√§? Wer seid ihr denn? #kritzelkaffee",http://pbs.twimg.com/media/D6_UJAMWsAAKaUh.jpg,,Andi und Timmeh
1129992372954292224,https://twitter.com/datGestruepp/status/1129992372954292224,19.05.2019,"Guten Morgen. Als ich neulich in ein Dimensionsloch fiel da... #kritzelkaffee",http://pbs.twimg.com/media/D66KEggW4AAIzi5.jpg,,K√§pit√§n Blaub√§r
1129247324356653057,https://twitter.com/datGestruepp/status/1129247324356653057,17.05.2019,"Guten morgen!  Mein Erinnermich sagt ich hab irgendwas vergessen.... aaaaahhh aber was?! #kritzelkaffee",http://pbs.twimg.com/media/D6vkcuoXoAADEk9.jpg,,Erinnermich (Harry Potter)
1128899759278837760,https://twitter.com/datGestruepp/status/1128899759278837760,16.05.2019,"Hubba?! Hubba Hubaa!!! #Kritzelkaffee",http://pbs.twimg.com/media/D6qoVy-XsAA6E8K.jpg,,Marsupilami
1128530032626929668,https://twitter.com/datGestruepp/status/1128530032626929668,15.05.2019,"Guten Morgen! D√∂d√∂d√∂d√∂m *schnipps schnipps* d√∂d√∂d√∂d√∂m *schnipps schnipps* ...",http://pbs.twimg.com/media/D6lYE06W0AAPcdR.jpg,,Fester (Adams Family)
1128164284494753792,https://twitter.com/datGestruepp/status/1128164284494753792,14.05.2019,"Guten Morg√§hn! Auf ins Nimmerland! ‚ô•Ô∏è#kritzelkaffee",http://pbs.twimg.com/media/D6gLbulWsAA0o2x.jpg,,Tinkerbell
1127793944861999104,https://twitter.com/datGestruepp/status/1127793944861999104,13.05.2019,"Guten Morgen und einen abenteuerlichen Tag! #kritzelkaffee",http://pbs.twimg.com/media/D6a6m4dWsAAWa7B.jpg,,Link (Legends of Zelda)
1127468912575221761,https://twitter.com/datGestruepp/status/1127468912575221761,12.05.2019,"Guten Morgen! ‚ô•Ô∏è#kritzelkaffee",http://pbs.twimg.com/media/D6WS_RqXoAAAdMn.jpg,,Jack Skellington
1127093532441882624,https://twitter.com/datGestruepp/status/1127093532441882624,11.05.2019,"Guten Morgen! Na wer schwebt denn da herein?! #kritzelkaffee",http://pbs.twimg.com/media/D6Q9lcHX4AE8Pca.jpg,,Zini
1126726658428325891,https://twitter.com/datGestruepp/status/1126726658428325891,10.05.2019,"Guten Morgen! Heute einen Coffee to h√ºpf!? #kritzelkaffee",http://pbs.twimg.com/media/D6Lv6xtUEAEA0n7.jpg,,Sancho & Pancho
1126356729778921472,https://twitter.com/datGestruepp/status/1126356729778921472,09.05.2019,"Guten Morg√§hn! Hui! Hier ist ja was los.  #Kritzelkaffee",http://pbs.twimg.com/media/D6GfeDyW0AA-1Fh.jpg,,Susuwatari (Totoro/Chihiro)
1125984848013873152,https://twitter.com/datGestruepp/status/1125984848013873152,08.05.2019,"Guten Morg√§hn!  Alles Relativ fr√ºh heute.  #Kritzelkaffee",http://pbs.twimg.com/media/D6BNPIMW0AALFmF.jpg,,Albert Einstein
1125634380431491072,https://twitter.com/datGestruepp/status/1125634380431491072,07.05.2019,"Guten Morgen die Herren! #Kritzelkaffee",http://pbs.twimg.com/media/D58OfDqV4AAu19n.jpg,,Waldorf und Stadler (Muppet Show)
1125289536110698496,https://twitter.com/datGestruepp/status/1125289536110698496,06.05.2019,"Guten Morgen. Alraunenzucht ist gar nicht so einfach! #kritzelkaffee",http://pbs.twimg.com/media/D53U2mGXkAA_Wyq.jpg,,Alraune (Harry Potter)
1124919024628969473,https://twitter.com/datGestruepp/status/1124919024628969473,05.05.2019,"Guten Morgen und guten Flug! #kritzelkaffee",http://pbs.twimg.com/media/D5yD3wxWwAAmwZI.jpg,,Dumbo
1124573204868149249,https://twitter.com/datGestruepp/status/1124573204868149249,04.05.2019,"Guten Morgen! Heut Abend Lasagne!!! #kitzelkaffee",http://pbs.twimg.com/media/D5tJWkOW4AAQIER.jpg,,Garfield
1124190364078833664,https://twitter.com/datGestruepp/status/1124190364078833664,03.05.2019,"Guten Morgen! Naaa ihr Lappen? Soll ich jemanden f√ºr euch aus den Haus vertreiben?  #kritzelkaffee",http://pbs.twimg.com/media/D5ntJ8-XkAA0PkQ.jpg,,Beetlejuice
1123828033914273793,https://twitter.com/datGestruepp/status/1123828033914273793,02.05.2019,"Guten Morgen! Sch√∂n das du da bist! #kritzelkaffee",http://pbs.twimg.com/media/D5ijnoOW4AACFWR.jpg,,Oskar (Sesamstra√üe)
1123470911473057803,https://twitter.com/datGestruepp/status/1123470911473057803,01.05.2019,"Guten Mo... √§m... nun... #kritzelkaffee",http://pbs.twimg.com/media/D5de0WWWwAEDn3T.jpg,,Hal 9000 (Odysee im Weltraum)
1123094131356635137,https://twitter.com/datGestruepp/status/1123094131356635137,30.04.2019,"Guten Morgen! Wo gehen wir denn hin? #Kritzelkaffee",http://pbs.twimg.com/media/D5YIJEgXkAA1OVF.jpg,,R√ºbe (Sophie im Schloss des Zauberers)
1122744972409749504,https://twitter.com/datGestruepp/status/1122744972409749504,29.04.2019,"Guten Morg√§hn!  Ich bin Groooot! ‚ô•Ô∏è #Kritzelkaffee",http://pbs.twimg.com/media/D5TKlTvW4AAz0LJ.jpg,,Groot (Guardians of the Galaxy)
1122371635485523969,https://twitter.com/datGestruepp/status/1122371635485523969,28.04.2019,"Heute gibt es leider keinen #Kritzelkaffee !  Gut das ihr euch eh nicht daran erinnern werdet. üòè ",http://pbs.twimg.com/media/D5N3CkqWkAAjPw4.jpg,,Suse in Black (Men in Black)
1122020750595100673,https://twitter.com/datGestruepp/status/1122020750595100673,27.04.2019,"Guten Morgen!  Es gibt fantastische Dinge zu entdecken! #Kritzelkaffee",http://pbs.twimg.com/media/D5I35sKWkAA-hQZ.jpg,,Onkel Matt (Fraggles)
1121645041062006786,https://twitter.com/datGestruepp/status/1121645041062006786,26.04.2019,"Welch sch√∂ner Morgen! ‚ÄûHUFFELPUFF!!‚Äú ‚ô•Ô∏è Welches ist euer Haus? #Kritzelkaffee",http://pbs.twimg.com/media/D5DiM1dUwAEihia.jpg,,Sprechender Hut (Harry Potter)
1121288747247652864,https://twitter.com/datGestruepp/status/1121288747247652864,25.04.2019,"Guten Morgen! Na? Wolltest du als Kind auch immer Feuerwehrmann werden? #Kritzelkaffee",http://pbs.twimg.com/media/D4-eI_GWAAEP0Hj.jpg,,Grisu
1120933630430281728,https://twitter.com/datGestruepp/status/1120933630430281728,24.04.2019,"Guten Morgen! Hallo du! Kaffee? #Kritzelkaffee",http://pbs.twimg.com/media/D45bLHtW4AELL73.jpg,,Yoshi (Super Mario)
1120552488967520256,https://twitter.com/datGestruepp/status/1120552488967520256,23.04.2019,"Guten Morgen! Wer bist du denn kleiner Kerl?! #Kritzelkaffee",http://pbs.twimg.com/media/D40AiPfXkAAb7Ts.jpg,,Kirby
1120215411415556096,https://twitter.com/datGestruepp/status/1120215411415556096,22.04.2019,"Guten Morgen! ‚ÄúSchau mir in die Augen kleines!‚Äú Och naja, besser nicht! #Kritzelkaffee",http://pbs.twimg.com/media/D4vN959X4AExMC8.jpg,,Enderman (Minecraft)
1119855724564238337,https://twitter.com/datGestruepp/status/1119855724564238337,21.04.2019,"Guten √§hm... Miii? #Kritzelkaffee",http://pbs.twimg.com/media/D4qG1L-XkAAMD3s.jpg,,Beaker (Muppet Show)
1119496757082300416,https://twitter.com/datGestruepp/status/1119496757082300416,20.04.2019,"Guten Morgen! Ist jetz dieses Ostern? #Kritzelkaffee",http://pbs.twimg.com/media/D4lAWdjXsAAs-e7.jpg,,Miffy
1119112319835856896,https://twitter.com/datGestruepp/status/1119112319835856896,19.04.2019,"Guten Morgen! Vor mit brauchst du keine Angst zu haben. #Kritzelkaffee",http://pbs.twimg.com/media/D4fitKrUcAI6cjJ.jpg,,Der kleine Angsthase (Kinderbuch)
1118734303939256320,https://twitter.com/datGestruepp/status/1118734303939256320,18.04.2019,"Guten Morgen! Keine Zeit!! Aufstehen!!! #Kritzelkaffee",http://pbs.twimg.com/media/D4aK6GbW0AEB46B.jpg,,M√§rzhase (Alice im Wunderland)
1118399685427908608,https://twitter.com/datGestruepp/status/1118399685427908608,17.04.2019,"Guten Morg√§hn! Ich glaub ich fantasiere immer noch. #Kritzelkaffee",http://pbs.twimg.com/media/D4VakhNWwAAbtFT.jpg,,Mondkalb (Harry Potter)
1118018641411432449,https://twitter.com/datGestruepp/status/1118018641411432449,16.04.2019,"Guten Morgen... oder schlafe ich noch?! #Kritzelkaffee",http://pbs.twimg.com/media/D4QAAv-WAAM6DNj.jpg,,Moby Dick
1117662344404979712,https://twitter.com/datGestruepp/status/1117662344404979712,15.04.2019,"Guten Morgen! W√ºrden Sie bitte aufh√∂ren meine Kette so an zu starren? #Kritzelkaffee",http://pbs.twimg.com/media/D4K79nxW0AEnN7m.jpg,,Frau Elster (Sandmann)
1117323745599926273,https://twitter.com/datGestruepp/status/1117323745599926273,14.04.2019,"Guten Morgen! Ja ist alles ordentlich hier! #Kritzelkaffee",http://pbs.twimg.com/media/D4GIAadXsAA5jLc.jpg,,Rosie (Die Jetsons)
1116940221822709762,https://twitter.com/datGestruepp/status/1116940221822709762,13.04.2019,"Guten mo... H√Ñ?!  #Kritzelkaffee",http://pbs.twimg.com/media/D4ArMXjWAAAwH_K.jpg,,"Werbefigur der Post ""F√ºnf ist Tr√ºmpf
1116613899137105921,https://twitter.com/datGestruepp/status/1116613899137105921,12.04.2019,"Guten Morgen und ein fetter Gru√ü aus den 90ern! #Kritzelkaffee",http://pbs.twimg.com/media/D38CZ-NUcAANWMy.jpg,,Rocko (Rockos modernes Leben)
1116225086124691456,https://twitter.com/datGestruepp/status/1116225086124691456,11.04.2019,"Nein!!! Einfach nein! Heut ist kein guter Morgen! #Kritzelmonster",http://pbs.twimg.com/media/D32gyS5XkAANX3m.jpg,,Die Wordklammer
1115869206422216705,https://twitter.com/datGestruepp/status/1115869206422216705,10.04.2019,"Guten Morgen! Habt einen tollen Tag! #kritzelkaffee",http://pbs.twimg.com/media/D3xdHPIXkAE5mU6.jpg,,Tigerente
1115483732775927808,https://twitter.com/datGestruepp/status/1115483732775927808,09.04.2019,"Guten Morg√§hn! Yabadabadooooo!! #Kritzelkaffee",http://pbs.twimg.com/media/D3r-huVXoAAw-PO.jpg,,Fred Feuerstein
1115160936166436864,https://twitter.com/datGestruepp/status/1115160936166436864,08.04.2019,"Guten Morgen! Wer... was... sind sie?! #Kritzelkaffee",http://pbs.twimg.com/media/D3nY8V0XsAAUj4L.jpg,,Der Gr√ºffelo
1114796688961605632,https://twitter.com/datGestruepp/status/1114796688961605632,07.04.2019,"Guten Morgen! Mir ist so klassisch! #Kritzelkaffee",http://pbs.twimg.com/media/D3iNqd3XkAA5frk.jpg,,Raffaels Engel (auch die Engel der Sixtina)
1114403570588225539,https://twitter.com/datGestruepp/status/1114403570588225539,06.04.2019,"Guten Morgen! Eine Ladung Energie gef√§llig? #Kritzelkaffee",http://pbs.twimg.com/media/D3coIIZWwAAyuDW.jpg,,Pikachu (Pokemon)
1114054016642711553,https://twitter.com/datGestruepp/status/1114054016642711553,05.04.2019,"Guten Morgen! Mir ist heute etwas melancholisch. #Kritzelkaffee",http://pbs.twimg.com/media/D3XqNKiW0AExVps.jpg,,L√∂wenzahn
1113688263930318853,https://twitter.com/datGestruepp/status/1113688263930318853,04.04.2019,"Guten Morgen! Uiii ich w√ºnsche mir...!? #Kritzelkaffee",http://pbs.twimg.com/media/D3SdjoBWAAIxUIV.jpg,,Jeannie (Bezaubernde Jeannie)
1113315671054614528,https://twitter.com/datGestruepp/status/1113315671054614528,03.04.2019,"Bringt die Katzen in Sicherheit und habt einen tollen Tag! #Kritzelkaffee",http://pbs.twimg.com/media/D3NKr4GW0AA38Yi.jpg,,Alf
1112939621854441472,https://twitter.com/datGestruepp/status/1112939621854441472,02.04.2019,"Guten Morgen! Heute gibt‚Äôs Geschichten vom Deich. #Kritzelkaffee",http://pbs.twimg.com/media/D3H0rHIXcAAFsbo.jpg,,Otto Waalkes
1112582596310040577,https://twitter.com/datGestruepp/status/1112582596310040577,01.04.2019,"Guten Morgen! Zeit f√ºr Kaffeee! #kritzelkaffee",http://pbs.twimg.com/media/D3Cv9dJWsAEj6b4.jpg,,Barry und Sting (Flossen; Ruthe)
1112269209512407040,https://twitter.com/datGestruepp/status/1112269209512407040,31.03.2019,"Guten Morg√§hn! Na? Ausgeschlafen? #kritzelkaffee",http://pbs.twimg.com/media/D2-S8GQX4AERH_-.jpg,,Mainzelm√§nnchen
1111883840933502976,https://twitter.com/datGestruepp/status/1111883840933502976,30.03.2019,"Guten Morgen ! Heut mach ich mir die Welt Widewidewie sie mir gef√§llt! #kritzelkaffee",http://pbs.twimg.com/media/D240cevX4AAMEMh.jpg,,Pippilotta Viktualia Rollgardina Pfefferminz Efraimstochter Langstrumpf
1111518795510833152,https://twitter.com/datGestruepp/status/1111518795510833152,29.03.2019,"Guten Morg√§hn! Heute ziehe ich eine klare Linie! #kritzelkaffee",http://pbs.twimg.com/media/D2zob8hX4AA1bgp.jpg,,Keith Haring inspiriert
1111157938763096064,https://twitter.com/datGestruepp/status/1111157938763096064,28.03.2019,"Guten Morgen! Guck mal die Sonne scheint... #kritzelkaffee",http://pbs.twimg.com/media/D2ugPU9WwAAdeUo.jpg,,Der kleine Maulwurf
1110790522388520960,https://twitter.com/datGestruepp/status/1110790522388520960,27.03.2019,"Guten Morgen! K√§ffchen f√ºr den ...(bedeutungsvolle Pause) .... K√ºnstler? #kritzelkaffee",http://pbs.twimg.com/media/D2pSEs8XcAA4luH.jpg,,Suse mit dem Perlohrring
1110414170653118464,https://twitter.com/datGestruepp/status/1110414170653118464,26.03.2019,"Guten Morgen liebe Fr√ºhaufsteher*innen! Heute erkl√§ren wir euch den Unterschied zwischen wach und sehr sehr m√ºde! #kritzelkaffee",http://pbs.twimg.com/media/D2j7yVfXgAAVSOD.jpg,,Grobi (Muppet Show)
1110071275592925184,https://twitter.com/datGestruepp/status/1110071275592925184,25.03.2019,"Guten Morgen! Nimmst du mich mit? #Kritzelkaffee",http://pbs.twimg.com/media/D2fD7NLX0AAf3U2.jpg,,Fuchur der Gl√ºcksdrache (die Unendliche Geschichte)
1109701199551438848,https://twitter.com/datGestruepp/status/1109701199551438848,24.03.2019,"Guten Mor√§aaAAAAAAAHH! #Kritzelkaffee",http://pbs.twimg.com/media/D2ZzVu1XQAEGJbv.jpg,,Der Schrei
1109341284890804224,https://twitter.com/datGestruepp/status/1109341284890804224,23.04.2019,"Guten Morgen! √Ñhm... nettes L√§cheln?!....",http://pbs.twimg.com/media/D2UsAEhXQAAaNLF.jpg,,Grinsekatze (Alice im Wunderland) 
1108989901339574272,https://twitter.com/datGestruepp/status/1108989901339574272,22.03.2019,"Guten Morgen.  Bitte h√∂ren sie auf mich an zu glotzen.  #Kritzelkaffee",http://pbs.twimg.com/media/D2PsbCfWwAAmW5y.jpg,,"Michael ""Mike"" Glotzkovski (Monster AG)"
1108618393412878337,https://twitter.com/datGestruepp/status/1108618393412878337,21.03.2019,"Guten Morgen! Hihi. Dich mag ich!",http://pbs.twimg.com/media/D2KaiesWkAABpPj.jpg,,Mushu (Mulan) 
1108277996287332352,https://twitter.com/datGestruepp/status/1108277996287332352,20.03.2019,"Guten Morg√§hn! Das wird ein sehr hei√üer Kaffee heute! #Kritzelkaffee",http://pbs.twimg.com/media/D2Fk8m2XcAE94Js.jpg,,Calcifer (Das wandelnde Schloss)
1107901183207882754,https://twitter.com/datGestruepp/status/1107901183207882754,19.03.2019,"Guten mo... √§h... Droggelbecher!! #Kritzelkaffee",http://pbs.twimg.com/media/D2AOPFSWwAABPN6.jpg,,"Jan M√ºller-Michaelis (Leitender Entwickler bei Deponia, Edna bricht aus, A New Beginning, ...)"
1107541433207218176,https://twitter.com/datGestruepp/status/1107541433207218176,18.03.2019,"Guten Morgen! Gibt‚Äôs jetzt ein Feuerwerk?  #Kritzelkaffee",http://pbs.twimg.com/media/D17HDANX0AAqd_x.jpg,,Gandalf
1107181555259269120,https://twitter.com/datGestruepp/status/1107181555259269120,17.03.2019,"Guten Morgen! Mit lieben Gr√º√üen aus der Kindheit! ‚ù§Ô∏è #Kritzelkaffee",http://pbs.twimg.com/media/D11_vaHWoAEOhph.jpg,,Poldi (Hallo Spencer)
1106827495448420352,https://twitter.com/datGestruepp/status/1106827495448420352,16.03.2019,"Guten Morgen! Sind wir nicht alle ein bisschen Hein? #Kritzelkaffee",http://pbs.twimg.com/media/D1w9uRVX0AE2zdc.jpg,,Hein Bl√∂d (Kapit√§n Blaub√§r)
1106437885371273216,https://twitter.com/datGestruepp/status/1106437885371273216,15.03.2019,"Guten Morgen!! Vergesst den Schirm nicht! Und legt euch was um den Hals, es ist immer noch kalt! #Kritzelkaffee #f√ºrmichnurTee",http://pbs.twimg.com/media/D1rbXkPXgAEgePL.jpg,,Totoro (Giblih Film)
1106092374227406848,https://twitter.com/datGestruepp/status/1106092374227406848,14.03.2019,"Guten Morg√§hn! Ja ich brauche heute einfach wen der mich durch die Gegend tr√§gt. #Kritzelkaffee",http://pbs.twimg.com/media/D1mhIkeWsAATG0X.jpg,,Hulk
